ticker,name,sector,score,classification,roic,revenue_cagr_3yr,gross_margin,operating_margin,net_debt_to_ebitda,fcf_margin,dcf_upside_pct,current_price,dcf_intrinsic_value,shares_outstanding,red_flag_count,bottom_line,run_date
MMM,3M Company,Industrials,65.8,Attractive Quality,0.3561417299101791,-0.01570080136859997,0.39911014911014914,0.19203944203944204,1.1391680841193752,0.05595638928972262,-0.8770822176858023,153.13,18.822400005773083,521567261.0,1,Attractive Quality / DCF: overvalued,2026-05-31
AOS,A.O. Smith Corporation,Industrials,82.8,Elite Compounder,0.2962040141098149,0.006729784443180398,0.38833481280350896,0.19006840373870817,0.021629593216173037,0.1425513028040311,0.5381513134429732,56.72,87.24394249848544,111965465.0,0,Elite Compounder / DCF: undervalued,2026-05-31
ABT,Abbott Laboratories,Healthcare,66.0,Attractive Quality,0.12513024044460547,0.005127944169646348,0.5641806533116765,0.18166847139505504,0.4420703933747412,0.1668245804006497,-0.10709499965434854,85.6,76.43266802958776,1741813154.0,0,Attractive Quality / DCF: fair,2026-05-31
ABBV,AbbVie Inc.,Healthcare,57.2,Neutral — Monitor,0.13079889699012812,0.017525049181538188,0.7023544800523218,0.32849901896664485,3.5320778263089228,0.29130150425114454,0.23135880761203914,217.72,268.09143959329316,1766792821.0,1,Neutral — Monitor / DCF: undervalued,2026-05-31
ACN,Accenture plc,Technology,76.5,Attractive Quality,0.29677907871954545,0.04193654176414818,0.31913952808418106,0.15559817402376822,-0.2699453116879958,0.15607715456166024,0.6072268505083297,187.07,300.6639269245932,613939268.0,0,Attractive Quality / DCF: undervalued,2026-05-31
ADBE,Adobe Inc.,Technology,88.8,Elite Compounder,0.5607519495612048,0.10522339932516123,0.8926753334174765,0.36627540073204595,0.1239938869077942,0.41448946106272877,0.5585141110351074,259.21,403.98244272141017,404200000.0,1,Elite Compounder / DCF: undervalued,2026-05-31
AMD,"Advanced Micro Devices, Inc.",Technology,70.6,Attractive Quality,0.05940421699654524,0.13643599335368428,0.4951644100580271,0.10664280146655504,-0.23257731958762887,0.19443401945783653,-0.8669509003696975,516.1,68.66664031919913,1630600639.0,2,Attractive Quality / DCF: overvalued,2026-05-31
AES,The AES Corporation,Utilities,33.4,Disqualified,0.027294493216280927,-0.010249740650209005,0.1807406196354124,0.16103981034905585,9.702279686968357,-0.1326739148205673,,14.67,,713157713.0,6,Disqualified / DCF: unknown,2026-05-31
A,"Agilent Technologies, Inc.",Healthcare,65.6,Attractive Quality,0.1634801197333131,0.004844098070605929,0.5243235463442717,0.21286701208981001,0.8528610354223434,0.16580310880829016,-0.659296388546493,135.53,46.17556046029381,282218158.0,0,Attractive Quality / DCF: overvalued,2026-05-31
APD,"Air Products and Chemicals, Inc",Basic Materials,26.4,Disqualified,-0.00580673585624253,-0.01766923192508929,0.3141319066568084,0.24000398760519387,12.373981308411215,-0.31284424247962583,,278.62,,222680686.0,6,Disqualified / DCF: unknown,2026-05-31
ABNB,"Airbnb, Inc.",Consumer Cyclical,49.0,Fails Quality Screen,0.5475856193643155,0.13378255972989694,0.8295890858589985,0.20782615799362797,-1.7221157531621312,0.37954415488930643,0.7660702505624926,133.31,235.4348251024859,417930233.0,3,Fails Quality Screen / DCF: undervalued,2026-05-31
AKAM,"Akamai Technologies, Inc.",Technology,43.8,Fails Quality Screen,0.053545649561064855,0.05178977181914113,0.589486416320614,0.14929084460603467,3.53647742728848,0.16616823207209777,-0.0926774773763219,149.54,135.68101003314482,145385451.0,4,Fails Quality Screen / DCF: fair,2026-05-31
ALB,Albemarle Corporation,Basic Materials,16.4,Disqualified,-0.018431405951561786,-0.11101948515436078,0.13003183326841972,0.013083510265845028,5.341664120971437,0.13464941695398147,-0.755981887465212,176.42,43.0496754133873,117934651.0,7,Disqualified / DCF: overvalued,2026-05-31
ARE,Alexandria Real Estate Equities,Real Estate,33.3,Disqualified,-0.028253707286577112,0.04564958075072889,0.686740176729736,0.18845908986732537,37.844834158178045,0.48012291289991255,4.351774370919459,49.68,265.87615074727876,174269480.0,6,Disqualified / DCF: undervalued,2026-05-31
ALGN,"Align Technology, Inc.",Healthcare,49.0,Fails Quality Screen,0.132183214902098,0.026117671821406674,0.6718803439138491,0.1450597824416773,-1.1916931936549147,0.1216313206264046,-0.34947970211443186,174.95,113.80852611508014,71618127.0,3,Fails Quality Screen / DCF: overvalued,2026-05-31
ALLE,Allegion plc,Industrials,79.7,Attractive Quality,0.20382894327746448,0.07523170466176188,0.4519705947434416,0.21131954859489097,1.6196888090963495,0.16858849851252675,0.7694291343850556,130.07,230.14964750946416,85935861.0,0,Attractive Quality / DCF: undervalued,2026-05-31
LNT,Alliant Energy Corporation,Utilities,49.0,Fails Quality Screen,0.05375643962092411,0.012293745856755134,0.45667125171939477,0.23498395231545163,5.800301053687908,0.2679963319578175,2.895763905693402,71.61,278.9756532867045,258277037.0,3,Fails Quality Screen / DCF: undervalued,2026-05-31
GOOGL,Alphabet Inc.,Communication Services,88.2,Elite Compounder,0.3013297506786395,0.12511745609215974,0.5965231508603998,0.32032638592380025,0.15818105347043132,0.18187550268595656,-0.4500807443186173,380.34,209.1562897058571,5823665113.0,1,Elite Compounder / DCF: overvalued,2026-05-31
GOOG,Alphabet Inc.,Communication Services,88.2,Elite Compounder,0.3013297506786395,0.12511745609215974,0.5965231508603998,0.32032638592380025,0.15818105347043132,0.18187550268595656,-0.40682569792514633,376.43,223.28860253003717,5456000000.0,1,Elite Compounder / DCF: overvalued,2026-05-31
MO,"Altria Group, Inc.",Consumer Defensive,78.2,Attractive Quality,0.454040367935534,-0.008925128591255382,0.7220815333432643,0.5975967029147425,1.9603951255539143,0.45056854858731815,0.6902501947890894,69.58,117.60760855342484,1669891235.0,1,Attractive Quality / DCF: undervalued,2026-05-31
AMZN,"Amazon.com, Inc.",Consumer Cyclical,75.0,Attractive Quality,0.16484749875325308,0.11731283601806397,0.5028566486824266,0.11155296795755199,0.40024555312959276,0.010733355278941701,-0.986550119148224,270.64,3.6400757537246498,10757109436.0,2,Attractive Quality / DCF: overvalued,2026-05-31
AMCR,Amcor plc,Consumer Cyclical,33.0,Disqualified,0.03255188721677466,0.010545712737626056,0.1888200413085482,0.08768072489839429,8.020927601809955,0.053967619428342994,-0.23444364183731395,38.82,29.718897823875473,462345690.0,4,Disqualified / DCF: overvalued,2026-05-31
AEE,Ameren Corporation,Utilities,49.0,Fails Quality Screen,0.06351740339690451,0.03409709923004489,0.47403113990226164,0.2302534378906694,4.903984162336055,-0.09330605750653484,,107.97,,276751616.0,2,Fails Quality Screen / DCF: unknown,2026-05-31
AAL,"American Airlines Group, Inc.",Industrials,28.1,Disqualified,0.04190139888257771,0.03714312343491266,0.19166071788113412,0.029762231618252706,8.799902032819006,-0.03269086449581755,,14.64,,661385137.0,5,Disqualified / DCF: unknown,2026-05-31
AEP,American Electric Power Company,Utilities,48.5,Fails Quality Screen,0.06790016035003543,0.036603082441915236,0.6100749680014628,0.2461601755348327,5.337265937872064,-0.07492228926677638,,126.67,,544105032.0,4,Fails Quality Screen / DCF: unknown,2026-05-31
AMT,American Tower Corporation (REI,Real Estate,66.8,Attractive Quality,0.0859192497658908,0.03340295998443743,0.7418315389962986,0.4630704770493959,6.747517532427232,0.35544783270390623,0.5169758499220521,186.96,283.6138049014269,465893069.0,1,Attractive Quality / DCF: undervalued,2026-05-31
AWK,"American Water Works Company, I",Utilities,49.0,Fails Quality Screen,0.060008536438728964,0.10670429850805996,0.6071984435797665,0.36556420233463033,5.397475264414876,-0.2416342412451362,,123.27,,195280521.0,4,Fails Quality Screen / DCF: unknown,2026-05-31
AME,"AMETEK, Inc.",Industrials,74.5,Attractive Quality,0.12319037300630196,0.06364055992660522,0.3604103759487083,0.2581120198629504,0.8193595630988053,0.2258463453349468,-0.2661554143642938,225.85,165.73879966582425,229203002.0,0,Attractive Quality / DCF: overvalued,2026-05-31
AMGN,Amgen Inc.,Healthcare,68.2,Attractive Quality,0.1892353625820466,0.11766399097603264,0.6724714973742211,0.24706810699028597,2.691146881287726,0.22040216592745776,0.43990890664561255,336.79,484.9469206691759,539708274.0,2,Attractive Quality / DCF: undervalued,2026-05-31
APH,Amphenol Corporation,Technology,91.1,Elite Compounder,0.2633427662110045,0.2230660589034148,0.3688162219037268,0.25858746812039124,0.6343728685657897,0.18957163331846702,0.11884056158778063,148.76,166.43872194179824,1230234445.0,0,Elite Compounder / DCF: fair,2026-05-31
ADI,"Analog Devices, Inc.",Technology,53.6,Neutral — Monitor,0.0684182352116701,-0.028383891841526898,0.614669518890112,0.27246423158074895,1.226010122352358,0.38827257385337016,-0.7814217045672556,413.85,90.45862756484127,487087040.0,1,Neutral — Monitor / DCF: overvalued,2026-05-31
APA,APA Corporation,Energy,63.5,Neutral — Monitor,0.21737357344019903,-0.06959142043384259,0.40560538116591927,0.30829596412556054,0.7582356225572306,0.19943946188340808,1.8842841718025771,36.43,105.07447237876788,353470227.0,2,Neutral — Monitor / DCF: undervalued,2026-05-31
AAPL,Apple Inc.,Technology,79.8,Attractive Quality,0.8199377660981418,0.01812535743479393,0.4690516410716045,0.31970799762591884,0.43332550363390165,0.23732882225869315,-0.7381636169427879,312.06,81.70866169683362,14687356000.0,1,Attractive Quality / DCF: overvalued,2026-05-31
AMAT,"Applied Materials, Inc.",Technology,79.7,Attractive Quality,0.4101726071761755,0.032334704568867556,0.4867456288776086,0.2985758601240835,-0.019147869674185462,0.20086012408347434,-0.826778516461181,450.06,77.96006088148089,793959430.0,0,Attractive Quality / DCF: overvalued,2026-05-31
APTV,Aptiv PLC,Consumer Cyclical,50.4,Neutral — Monitor,0.04970873786407767,0.052626267311163044,0.19109716638886165,0.09888224335719188,2.749009247027741,0.07495832924796549,6.634541574752795,67.94,518.6907545887049,211620527.0,2,Neutral — Monitor / DCF: undervalued,2026-05-31
ADM,Archer-Daniels-Midland Company,Consumer Defensive,36.0,Fails Quality Screen,0.04867695242717432,-0.07541376844907977,0.06270166564925438,0.017740348079582403,2.868438320209974,0.052373892785508726,2.2257530953883724,79.78,257.35058195008435,481956527.0,3,Fails Quality Screen / DCF: undervalued,2026-05-31
ANET,"Arista Networks, Inc.",Technology,90.0,Elite Compounder,0.36392402422784065,0.27146525721597636,0.6405609780472368,0.42818437211987964,-0.48869498816402374,0.47218983532651543,-0.23270948557422894,159.47,122.35981833547771,1259169438.0,1,Elite Compounder / DCF: overvalued,2026-05-31
T,AT&T Inc.,Communication Services,69.8,Attractive Quality,0.10759889939844457,0.013367419328691454,0.5955367375525277,0.198968547052082,2.501215788800117,0.15473385967146314,4.487788659707123,24.8,136.09715876073665,6948338835.0,0,Attractive Quality / DCF: undervalued,2026-05-31
ATO,Atmos Energy Corporation,Utilities,49.0,Fails Quality Screen,0.06297886516646944,0.03827025829324082,0.5813101043962529,0.33171428237277933,3.81672598834871,-0.32150154537074543,,169.13,,166919822.0,4,Fails Quality Screen / DCF: unknown,2026-05-31
ADSK,"Autodesk, Inc.",Technology,49.0,Fails Quality Screen,0.406827214494618,0.12918055811635742,0.9097973910630031,0.24895920066611157,0.24384112619406736,0.32972522897585343,-0.19598487839971115,231.31,185.9767377773628,211145251.0,4,Fails Quality Screen / DCF: overvalued,2026-05-31
AZO,"AutoZone, Inc.",Consumer Cyclical,72.5,Attractive Quality,0.33566622029713195,0.05231525172845841,0.5262486365892685,0.1906230501253068,2.837993617403663,0.0945196023574353,-0.12251025974160358,2935.19,2575.5991107090426,16369000.0,1,Attractive Quality / DCF: fair,2026-05-31
AVB,"AvalonBay Communities, Inc.",Real Estate,52.2,Neutral — Monitor,0.059705575494393356,0.054467774166829575,0.6313662037836372,0.30247917848539413,4.1770333403500235,0.4624433317712059,-0.0048758951980988575,182.51,181.62010036739497,141872069.0,2,Neutral — Monitor / DCF: fair,2026-05-31
AVY,Avery Dennison Corporation,Consumer Cyclical,58.3,Neutral — Monitor,0.1362305539998318,-0.006824275768766208,0.28753881768392525,0.12690418384055108,2.54201771440916,0.07690136073626559,-0.2549668151169015,159.07,118.51242871935447,76490385.0,0,Neutral — Monitor / DCF: overvalued,2026-05-31
AXON,"Axon Enterprise, Inc.",Industrials,37.0,Fails Quality Screen,0.023345274511521446,0.32787263939187605,0.3437455028465183,-0.02233322396256066,3.608016376996838,0.02701206244495484,-0.9549391400256975,448.72,20.219709087669077,80602077.0,5,Fails Quality Screen / DCF: overvalued,2026-05-31
BKR,Baker Hughes Company,Energy,76.8,Attractive Quality,0.12086022607981144,0.09442943355196065,0.23596437457180977,0.12825875311001333,0.5533006764637276,0.09147946489741464,1.0729812954730005,63.88,132.42204515481527,992068697.0,0,Attractive Quality / DCF: undervalued,2026-05-31
BALL,Ball Corporation,Consumer Cyclical,64.9,Neutral — Monitor,0.09955910773889849,-0.005287656768822813,0.19588177190183118,0.1056150748423372,2.810077519379845,0.059873869766735054,-0.3816319839132625,54.67,33.80617943946194,266246511.0,0,Neutral — Monitor / DCF: overvalued,2026-05-31
BAX,Baxter International Inc.,Healthcare,18.1,Disqualified,-0.011533083635083336,0.0378887286798415,0.3005158306652437,0.01574172892209178,10.201044386422977,0.02872643187477766,-0.45664910886853194,18.78,10.204129735448971,516469008.0,8,Disqualified / DCF: overvalued,2026-05-31
BDX,"Becton, Dickinson and Company",Healthcare,55.9,Neutral — Monitor,0.05135245669661087,0.04992975699544888,0.45444139194139194,0.13672161172161174,3.7409200968523004,0.1222985347985348,2.9468534057053755,147.12,580.6610730473749,275540427.0,0,Neutral — Monitor / DCF: undervalued,2026-05-31
BBY,"Best Buy Co., Inc.",Consumer Cyclical,60.4,Neutral — Monitor,0.20644481038891835,-0.0343345487205291,0.22482070470845025,0.04197548631599146,1.0495179666958807,0.03017437816315272,0.14250177648942905,77.95,89.058013477351,210695187.0,0,Neutral — Monitor / DCF: fair,2026-05-31
BIO,"Bio-Rad Laboratories, Inc.",Healthcare,57.6,Neutral — Monitor,0.09594621058847413,-0.026760707319137045,0.5186977392381542,0.08462372251471044,0.7077444416893958,0.14501393620315886,2.556537638347659,312.48,1111.3468812308765,21700560.0,1,Neutral — Monitor / DCF: undervalued,2026-05-31
TECH,Bio-Techne Corp,Healthcare,48.8,Fails Quality Screen,0.04170189215561789,0.03326268869106985,0.6479577906504815,0.19907923272126496,1.2996979827089337,0.2103498177733502,-0.6826106329338184,51.68,16.402682489980265,156568751.0,2,Fails Quality Screen / DCF: overvalued,2026-05-31
BIIB,Biogen Inc.,Healthcare,54.7,Neutral — Monitor,0.07049270698518245,-0.00935320400320594,0.7569207125957981,0.24963096273229127,1.3705211413648757,0.1990981335813803,2.277299521810489,196.0,642.3507062748558,147637117.0,0,Neutral — Monitor / DCF: undervalued,2026-05-31
BA,Boeing Company (The),Industrials,25.1,Disqualified,0.09376934357348682,0.10333066303739025,0.04794160714485318,-0.06053899377396242,5.912759885854056,-0.02108134088952975,,231.15,,788302331.0,9,Disqualified / DCF: unknown,2026-05-31
BSX,Boston Scientific Corporation,Healthcare,77.9,Attractive Quality,0.08923989891200623,0.16541890019606442,0.6900966424230348,0.19781807312942115,1.8563308506468053,0.16957258144864004,3.7097675302552147,48.31,227.52886938662942,1486355179.0,0,Attractive Quality / DCF: undervalued,2026-05-31
BMY,Bristol-Myers Squibb Company,Healthcare,65.8,Attractive Quality,0.16658241781640667,0.01449177656319045,0.7108413735864716,0.2847598298578691,2.4248194353250163,0.2665214233841685,2.600427636441356,57.18,205.87245225171674,2042071247.0,1,Attractive Quality / DCF: undervalued,2026-05-31
AVGO,Broadcom Inc.,Technology,49.0,Fails Quality Screen,0.1849335553424186,0.24378426000041764,0.6776652527118193,0.40814250160439525,1.410324364809587,0.4212750637844945,-0.6684968507968924,446.77,148.10566196947238,4734668184.0,3,Fails Quality Screen / DCF: overvalued,2026-05-31
BR,"Broadridge Financial Solutions,",Technology,78.2,Attractive Quality,0.1709082995214786,0.0646289696150486,0.31017113991668,0.17253342236286306,1.903995268760678,0.15334368785472705,2.242972193749531,153.72,498.5096856231779,115658297.0,0,Attractive Quality / DCF: undervalued,2026-05-31
BF-B,Brown Forman Inc,Consumer Defensive,51.4,Neutral — Monitor,0.149256404723395,0.0035470274178923678,0.5894339622641509,0.29358490566037737,1.7744186046511627,0.10842767295597484,0.3382851909892353,25.72,34.42069511224313,290262390.0,2,Neutral — Monitor / DCF: undervalued,2026-05-31
BLDR,"Builders FirstSource, Inc.",Industrials,37.7,Fails Quality Screen,0.06586779805309884,-0.12565732756059322,0.30385669120678144,0.05176056463197925,3.5700729036922194,0.056171702597349764,-0.3942358520294131,76.26,46.19557392423696,107559876.0,3,Fails Quality Screen / DCF: overvalued,2026-05-31
BG,Bunge Limited,Consumer Defensive,14.0,Disqualified,0.04446155699822993,0.015124876158678413,0.04847218075047278,0.018427675638783433,5.971602434077079,-0.012498400375378577,,123.3,,194018115.0,9,Disqualified / DCF: unknown,2026-05-31
CDNS,"Cadence Design Systems, Inc.",Technology,77.2,Attractive Quality,0.2524678632862822,0.14143248241855333,0.8636432203164237,0.311469900744965,-0.2055502267643936,0.2996001894743559,-0.6465445770636822,374.93,132.52104172151363,275816000.0,2,Attractive Quality / DCF: overvalued,2026-05-31
CZR,"Caesars Entertainment, Inc.",Consumer Cyclical,32.0,Disqualified,0.05385906893920122,0.02007899524656609,0.5,0.1809158976144872,7.292134831460674,0.04292181786522723,1.0917493621147438,29.05,60.76531896943331,203693576.0,5,Disqualified / DCF: undervalued,2026-05-31
CPT,Camden Property Trust,Real Estate,51.1,Neutral — Monitor,0.06194360114152397,0.03414829875709913,0.6140965870671554,0.18360211090379425,3.3754146776509977,0.2454453132546659,-0.42417633026842627,106.56,61.3597702465965,99090596.0,1,Neutral — Monitor / DCF: overvalued,2026-05-31
CPB,The Campbell's Company,Consumer Defensive,46.0,Fails Quality Screen,0.07880192056544692,0.061920271398032245,0.3042036477128645,0.131961377157905,4.495238095238095,0.06876036282063787,3.474463751546859,21.11,94.45592979515419,298146488.0,1,Fails Quality Screen / DCF: undervalued,2026-05-31
CAH,"Cardinal Health, Inc.",Healthcare,75.0,Attractive Quality,0.8786961719934242,0.07071540578204716,0.03669724770642202,0.010432297891076386,1.4980682549903412,0.008311692979539757,0.06966213223533388,196.8,210.50950762391372,234205855.0,0,Attractive Quality / DCF: fair,2026-05-31
KMX,CarMax Inc,Consumer Cyclical,38.9,Fails Quality Screen,0.03882785891838077,-0.04467893984882465,0.10844166740626598,-0.015832267917503296,11.449259131044402,0.04802178081011993,3.7284151422601814,44.62,210.98188364764928,141820715.0,3,Fails Quality Screen / DCF: undervalued,2026-05-31
CCL,Carnival Corporation Ltd.,Consumer Cyclical,63.8,Neutral — Monitor,0.1020874077550914,0.2981448600373693,0.40096164682017954,0.1683633221892491,3.7715236579366227,0.09793020547687915,0.054591742147158874,28.06,29.591844284649277,1239000212.0,2,Neutral — Monitor / DCF: fair,2026-05-31
CARR,Carrier Global Corporation,Industrials,48.0,Fails Quality Screen,0.07266344332864036,0.07948894772684056,0.25861038304133904,0.08769025612728193,3.030028328611898,0.09753069388881225,-0.37205820155323427,63.87,40.106642666794926,830580423.0,1,Fails Quality Screen / DCF: overvalued,2026-05-31
CAT,"Caterpillar, Inc.",Industrials,75.5,Attractive Quality,0.17080691264648243,0.0438323160905727,0.3177736022133779,0.16498246756128956,2.3313526738902484,0.11026942253917058,-0.8135941357432449,875.87,163.26730432656407,460591983.0,0,Attractive Quality / DCF: overvalued,2026-05-31
CBRE,CBRE Group Inc,Real Estate,40.8,Fails Quality Screen,0.06296135152592261,0.09567521092915365,0.18658446362515413,0.03191122071516646,4.017301038062284,0.029420468557336623,-0.5856294704057387,125.04,51.81289102046643,292816579.0,4,Fails Quality Screen / DCF: overvalued,2026-05-31
CDW,CDW Corporation,Technology,56.6,Neutral — Monitor,0.1596231208527919,-0.01894867945091694,0.21732867762808764,0.07383127973920915,2.6501743232157504,0.048523686569360645,-0.25572450942421415,125.45,93.36936029273234,127753451.0,1,Neutral — Monitor / DCF: overvalued,2026-05-31
CE,Celanese Corporation,Basic Materials,18.4,Disqualified,-0.01980916030534351,-0.0044652723627061075,0.20452640402347025,0.08005029337803855,43.71161048689139,0.08413663034367141,2.1331735585158946,53.13,166.4655111639495,109662539.0,7,Disqualified / DCF: undervalued,2026-05-31
COR,"Cencora, Inc.",Healthcare,68.0,Attractive Quality,0.42334073769954683,0.1043399050694318,0.03572165157521616,0.012241581834814079,0.8820580781288161,0.009980739004440128,1.0713187191633031,269.36,557.9304101938274,194561060.0,0,Attractive Quality / DCF: undervalued,2026-05-31
CNC,Centene Corporation,Healthcare,28.4,Disqualified,-0.22437043283028893,0.10452664402969458,0.07119423751264266,-0.00160183183846142,,0.0221843441474096,3.012142018261626,59.6,239.1236642883929,493797000.0,7,Disqualified / DCF: undervalued,2026-05-31
CNP,"CenterPoint Energy, Inc (Holdin",Utilities,36.4,Fails Quality Screen,0.053063608829825894,0.0012857616218755474,0.45057176445441915,0.22549962594848777,6.234239130434783,-0.25478251576359945,,42.26,,654169480.0,5,Fails Quality Screen / DCF: unknown,2026-05-31
CF,"CF Industries Holdings, Inc.",Basic Materials,67.8,Attractive Quality,0.29756901607400277,-0.1412477014500929,0.3845285149632976,0.3352625635234331,0.5039609993906154,0.2542348955392434,1.1833907867093962,112.35,245.30395488680065,153629274.0,2,Attractive Quality / DCF: undervalued,2026-05-31
CHTR,"Charter Communications, Inc.",Communication Services,49.0,Fails Quality Screen,0.08614402397089814,0.0046187194908937634,0.5653777339613685,0.24325409865994815,4.55631511951346,0.08065870668565378,3.167620677838229,144.05,600.3457586425969,141178369.0,3,Fails Quality Screen / DCF: undervalued,2026-05-31
CVX,Chevron Corporation,Energy,47.8,Fails Quality Screen,0.0646172729474342,-0.07852874895364959,0.30410124056562854,0.0904073045892253,0.8321462201511457,0.08996269627830311,-0.228991292485181,182.46,140.67824877315388,1991597732.0,1,Fails Quality Screen / DCF: overvalued,2026-05-31
CMG,"Chipotle Mexican Grill, Inc.",Consumer Cyclical,82.2,Elite Compounder,0.2030042036745578,0.11364082990765789,0.253757190098847,0.16878042456728176,1.9902657327341113,0.12138507736423515,-0.03953158254342765,31.86,30.600523780166395,1282734000.0,0,Elite Compounder / DCF: fair,2026-05-31
CHD,"Church & Dwight Company, Inc.",Consumer Defensive,76.7,Attractive Quality,0.14107371150624917,0.048889197884673496,0.447317513541398,0.1737167913335053,1.3821469796075414,0.1761993809646634,0.7365192587413827,95.63,166.06333671343842,236943602.0,0,Attractive Quality / DCF: undervalued,2026-05-31
CI,The Cigna Group,Healthcare,40.3,Fails Quality Screen,0.11333977432960378,0.15292570219129864,0.09091735910010332,0.03071930615986845,1.9882146439317954,0.030519215937368123,4.941456544488932,277.4,1648.1600454412294,264532404.0,4,Fails Quality Screen / DCF: undervalued,2026-05-31
CTAS,Cintas Corporation,Industrials,84.7,Elite Compounder,0.26690420078289384,0.09598334537578124,0.5003939486165667,0.22820935146106244,0.835990156296938,0.16992168705750896,-0.4650397376789157,171.26,91.61729452510889,400136881.0,0,Elite Compounder / DCF: overvalued,2026-05-31
CSCO,"Cisco Systems, Inc.",Technology,64.9,Neutral — Monitor,0.1588732361153206,0.03192384157728467,0.6493804497475907,0.22070815829420695,1.273671310629515,0.23454654569845024,-0.6191470428789505,120.42,45.862313096516786,3941434665.0,1,Neutral — Monitor / DCF: overvalued,2026-05-31
CLX,Clorox Company (The),Consumer Defensive,76.8,Attractive Quality,0.28785804096153755,-0.00014072614877613798,0.45228040540540543,0.16568130630630631,1.9588447653429604,0.10712274774774774,0.9711766495824686,90.02,177.44532199541382,120921351.0,1,Attractive Quality / DCF: undervalued,2026-05-31
CMS,CMS Energy Corporation,Utilities,41.5,Fails Quality Screen,0.06276251156251235,-0.002215234024431356,0.4152711090291603,0.2022485068509193,5.485978520286396,-0.2111488464691416,,72.57,,308919602.0,5,Fails Quality Screen / DCF: unknown,2026-05-31
KO,Coca-Cola Company (The),Consumer Defensive,68.0,Attractive Quality,0.21480943967378993,0.03689014114187783,0.6162574831563797,0.31102813875388496,1.8833279863116243,0.11046911829123297,-0.6512112628639841,79.01,27.557798121116623,4302482418.0,2,Attractive Quality / DCF: overvalued,2026-05-31
CTSH,Cognizant Technology Solutions ,Technology,69.6,Attractive Quality,0.1867274824046273,0.028031282502597676,0.33717074095129806,0.1576179647527004,-0.18421052631578946,0.12293916998294485,0.8112565613977492,55.755,100.98660958073151,473000000.0,0,Attractive Quality / DCF: undervalued,2026-05-31
CL,Colgate-Palmolive Company,Consumer Defensive,77.1,Attractive Quality,0.33591784834502514,0.042934601917500315,0.6010695711902659,0.20768324992640566,1.8367037411526794,0.17829457364341086,2.183130514818593,90.13,286.8955533005998,800189310.0,1,Attractive Quality / DCF: undervalued,2026-05-31
CMCSA,Comcast Corporation,Communication Services,75.2,Attractive Quality,0.1214988712744181,0.006220134237919117,0.7174695045551182,0.16708836201670074,1.9285544895979303,0.15548837171704108,7.669686245343011,24.87,215.6150969216807,3562784182.0,0,Attractive Quality / DCF: undervalued,2026-05-31
CAG,"ConAgra Brands, Inc.",Consumer Defensive,53.4,Neutral — Monitor,0.07029506930678507,0.0022171295540533986,0.2586370212179664,0.1262572333976302,4.06980056980057,0.11216933039404794,12.74423151330541,13.28,182.52339449669583,478437156.0,1,Neutral — Monitor / DCF: undervalued,2026-05-31
COP,ConocoPhillips,Energy,50.8,Neutral — Monitor,0.11379944982970332,-0.09106174739359629,0.2508821932681867,0.19241992399565688,0.6627688697692609,0.12287934310532031,0.1592515790020996,113.98,132.13149497465932,1218294007.0,2,Neutral — Monitor / DCF: undervalued,2026-05-31
ED,"Consolidated Edison, Inc.",Utilities,49.5,Fails Quality Screen,0.06078451359358851,0.02587238970223038,0.5325097529258778,0.17732592505024233,4.348398634368396,0.002127911100602908,,105.63,0,368529705.0,2,Fails Quality Screen / DCF: unknown,2026-05-31
STZ,"Constellation Brands, Inc.",Consumer Defensive,70.6,Attractive Quality,0.10551032981386038,-0.011183285451378588,0.5155378050114893,0.31328372907320273,3.514834869066844,0.19630156472261737,0.9889189651616561,138.82,276.1017307437411,172172544.0,0,Attractive Quality / DCF: undervalued,2026-05-31
CEG,Constellation Energy Corporatio,Utilities,72.3,Attractive Quality,0.1339964242496633,0.01469039149633189,0.18380135510907453,0.16441467904280735,0.8979694579627454,0.050444522774448754,-0.8838362625737997,287.75,33.42611544438914,361190063.0,1,Attractive Quality / DCF: overvalued,2026-05-31
COO,"The Cooper Companies, Inc.",Healthcare,57.0,Neutral — Monitor,0.04344349813008476,0.07346203139761864,0.6553855928061773,0.16687029615873325,2.2939936775553216,0.1059769328511387,-0.44840320243641985,61.21,33.76323997886674,195114398.0,2,Neutral — Monitor / DCF: overvalued,2026-05-31
CPRT,"Copart, Inc.",Industrials,77.3,Attractive Quality,0.2097058434654958,0.0989943984010011,0.4518317144247914,0.36512359268149186,-1.398169128408596,0.2648528349083422,-0.04579525647587542,32.77,31.269289445285565,963308388.0,0,Attractive Quality / DCF: fair,2026-05-31
GLW,Corning Incorporated,Technology,49.0,Fails Quality Screen,0.09508044199232187,0.03274507876886834,0.35965192910614885,0.1458186704203724,2.102008032128514,0.09040885533303475,-0.89342738158796,181.16,19.306695551525156,860637825.0,3,Fails Quality Screen / DCF: overvalued,2026-05-31
CSGP,"CoStar Group, Inc.",Real Estate,50.9,Neutral — Monitor,-0.006432593748567647,0.14160530575519847,0.7887280566676933,-0.02217431475207884,-2.350785340314136,0.012627040344933785,-0.8793904797161262,32.2,3.8836265531407346,408355715.0,2,Neutral — Monitor / DCF: overvalued,2026-05-31
COST,Costco Wholesale Corporation,Consumer Defensive,74.5,Attractive Quality,0.35580505107920424,0.06640442726947482,0.12843206714262356,0.03772412665540356,-0.44693237796686075,0.028473849619416135,-0.3113077305836269,956.32,658.610191088266,443652540.0,1,Attractive Quality / DCF: overvalued,2026-05-31
CTRA,Coterra Energy Inc.,Energy,55.0,Neutral — Monitor,0.1026830570334718,-0.05472035045508339,0.41543492478744276,0.3200784826684107,0.8042447970327632,0.21373446697187704,0.4649698647493735,32.56,47.699418796239605,759356619.0,2,Neutral — Monitor / DCF: undervalued,2026-05-31
CCI,Crown Castle Inc.,Real Estate,47.1,Fails Quality Screen,0.07031474561655648,-0.15173892561897784,0.7408536585365854,0.4892120075046904,10.715272727272728,0.674249530956848,0.06665651289992432,91.5,97.59907093034307,436451983.0,3,Fails Quality Screen / DCF: fair,2026-05-31
CSX,CSX Corporation,Industrials,54.2,Neutral — Monitor,0.11072218149568153,-0.01737875164321634,0.3324581322736304,0.33479988646040304,2.968695375814397,0.12141640647175703,-0.969251001537873,45.26,1.3916996703958673,1858138856.0,1,Neutral — Monitor / DCF: overvalued,2026-05-31
CMI,Cummins Inc.,Industrials,74.8,Attractive Quality,0.18521278294701804,0.06246086056249833,0.25292545292545293,0.1147906147906148,0.9762831202519918,0.07086427086427087,-0.2638560511858986,646.63,476.0127616216624,137989067.0,0,Attractive Quality / DCF: overvalued,2026-05-31
CVS,CVS Health Corporation,Healthcare,33.9,Disqualified,0.02677237862750172,0.0763108477649228,0.13769346899894794,0.025829028495250792,7.250481695568401,0.019417161816314196,0.8858719177077219,90.98,171.57662707304854,1275927307.0,5,Disqualified / DCF: undervalued,2026-05-31
DHR,Danaher Corporation,Healthcare,50.4,Neutral — Monitor,0.05620178976595322,-0.026665255865112814,0.5911348095083034,0.19089873005535657,2.1714902807775376,0.2140996418104852,-0.4659843679807211,182.67,97.54863550096167,707770627.0,1,Neutral — Monitor / DCF: overvalued,2026-05-31
DHI,"D.R. Horton, Inc.",Consumer Cyclical,55.6,Neutral — Monitor,0.12415470245300576,0.007612158904120037,0.23696657557284004,0.12917221404713522,0.6730085073472545,0.09586749351832387,2.811133486572492,147.09,560.5796245399479,283579613.0,2,Neutral — Monitor / DCF: undervalued,2026-05-31
DRI,"Darden Restaurants, Inc.",Consumer Cyclical,64.8,Neutral — Monitor,0.1443174716193784,0.07838539390453025,0.21881805460100856,0.11893149618687224,3.1829631204166224,0.08500666572822045,0.16903778801134461,203.91,238.37849535339328,114535003.0,0,Neutral — Monitor / DCF: undervalued,2026-05-31
DVA,DaVita Inc.,Healthcare,69.1,Attractive Quality,0.13415883044117274,0.055264367135682946,0.32247824884562265,0.14737263294644334,4.616746849188353,0.09606606841906319,2.0017935069159045,194.36,583.4285860041753,64185000.0,1,Attractive Quality / DCF: undervalued,2026-05-31
DECK,Deckers Outdoor Corporation,Consumer Cyclical,92.8,Elite Compounder,1.0656382131940052,0.1469097911350663,0.5770385958654284,0.23078119312259424,-1.0906953217827244,0.2005249716024133,1.9145319725776142,113.85,331.81946507796135,138880957.0,0,Elite Compounder / DCF: undervalued,2026-05-31
DE,Deere & Company,Industrials,47.8,Fails Quality Screen,0.08973043653671983,-0.0450056665565175,0.3648270457852905,0.18842494122915035,4.802161976664379,0.07233852009403335,-0.017620816153527393,542.18,532.6263458978805,270107282.0,2,Fails Quality Screen / DCF: fair,2026-05-31
DELL,Dell Technologies Inc.,Technology,70.3,Attractive Quality,0.41389425910471317,0.035349838884853435,0.19999471542567246,0.0743891912839754,1.6853695578805266,0.07532279941517378,2.7170609249939472,420.91,1564.5481139392025,325034188.0,2,Attractive Quality / DCF: undervalued,2026-05-31
DAL,"Delta Air Lines, Inc.",Industrials,71.3,Attractive Quality,0.14461622870258026,0.07799197884220499,0.24165141089577677,0.09188182564232056,1.7152680777909102,0.06064958020326999,-0.027966771632874886,82.48,80.17330067572048,656994340.0,0,Attractive Quality / DCF: fair,2026-05-31
DVN,Devon Energy Corporation,Energy,55.5,Neutral — Monitor,0.13708237845343105,-0.03570785468840698,0.2554689318128927,0.22434256457993948,0.9462820852077269,0.16272981149639285,-0.02192918294600916,44.49,43.514370650732054,1153403107.0,2,Neutral — Monitor / DCF: fair,2026-05-31
DXCM,"DexCom, Inc.",Healthcare,87.0,Elite Compounder,0.27187222675979883,0.1701360960301399,0.601008151008151,0.19558129558129558,0.347442031652558,0.23105963105963107,0.7243412837829064,73.74,127.15292626615151,385872977.0,1,Elite Compounder / DCF: undervalued,2026-05-31
FANG,"Diamondback Energy, Inc.",Energy,32.5,Disqualified,0.033432120559725345,0.15993445004276818,0.3497220175497354,0.3294259494942729,2.0586596070781664,-0.04708955723759126,,191.48,,281313297.0,7,Disqualified / DCF: unknown,2026-05-31
DLR,"Digital Realty Trust, Inc.",Real Estate,49.0,Fails Quality Screen,0.04214667263447645,0.09218604990875767,0.5539220690327601,0.15085579315954412,4.405828992862014,0.39461108133699524,-0.23967215826005367,190.0,144.4622899305898,351406070.0,3,Fails Quality Screen / DCF: overvalued,2026-05-31
DG,Dollar General Corporation,Consumer Defensive,44.5,Fails Quality Screen,0.0739933637812763,0.04125293834210786,0.30660930299520633,0.05157871377807827,4.497997363547543,0.05601810058329943,28.9153871515726,110.61,3308.9409728354453,220226320.0,1,Fails Quality Screen / DCF: undervalued,2026-05-31
DLTR,"Dollar Tree, Inc.",Consumer Defensive,63.0,Neutral — Monitor,0.12865726452557,0.0799582484358976,0.364046610824344,0.08515954213416582,2.6819855274850832,0.07212108099197395,1.525972454995208,116.44,294.124232659642,192174588.0,1,Neutral — Monitor / DCF: undervalued,2026-05-31
D,"Dominion Energy, Inc.",Utilities,49.0,Fails Quality Screen,0.05913289137543383,0.05798731389635825,0.49018538713195203,0.2987398521749667,5.854394613442347,-0.4410517387616624,,66.94,,879512484.0,4,Fails Quality Screen / DCF: unknown,2026-05-31
DPZ,Domino's Pizza Inc,Consumer Cyclical,71.2,Attractive Quality,0.7497900225840893,0.02876024391390608,0.3995065581051313,0.1922969946927061,4.665374259456355,0.13593214890544403,0.6307383851976509,310.58,506.4747276746864,33261870.0,2,Attractive Quality / DCF: undervalued,2026-05-31
DOV,Dover Corporation,Industrials,70.8,Attractive Quality,0.13002927363983488,0.010445978801371991,0.397669541607976,0.16970638873603952,1.0184556672807108,0.13757210162258693,-0.1865906965169361,211.36,171.9221903841804,134661414.0,0,Attractive Quality / DCF: overvalued,2026-05-31
DOW,Dow Inc.,Basic Materials,17.4,Disqualified,-0.03944936263275363,-0.11108214737616817,0.06337570056044836,0.003953162530024019,13.284511784511784,-0.03620396317053643,,33.75,,720741438.0,6,Disqualified / DCF: unknown,2026-05-31
DHR,Danaher Corporation,Healthcare,50.4,Neutral — Monitor,0.05620178976595322,-0.026665255865112814,0.5911348095083034,0.19089873005535657,2.1714902807775376,0.2140996418104852,-0.4659843679807211,182.67,97.54863550096167,707770627.0,1,Neutral — Monitor / DCF: overvalued,2026-05-31
DTE,DTE Energy Company,Utilities,43.4,Fails Quality Screen,0.06449654813078025,-0.06307993398170852,0.3030858732768433,0.15985835335778426,6.70660838261764,-0.06449981029467561,,142.87,,208028313.0,4,Fails Quality Screen / DCF: unknown,2026-05-31
DUK,Duke Energy Corporation (Holdin,Utilities,49.0,Fails Quality Screen,0.058901178104842564,0.03867971409471327,0.5117721872382666,0.2660607376616931,5.315190615835777,-0.05254831404907404,,122.73,,779596217.0,4,Fails Quality Screen / DCF: unknown,2026-05-31
DD,"DuPont de Nemours, Inc.",Basic Materials,27.4,Disqualified,0.01877058177826564,-0.19269293381346742,0.34501387063804934,0.12556577602569718,2.1370689655172415,0.025113155205139435,,48.42,0,405058202.0,5,Disqualified / DCF: unknown,2026-05-31
EMN,Eastman Chemical Company,Basic Materials,43.5,Fails Quality Screen,0.06417484271646755,-0.06127032466847515,0.21069469835466179,0.10923217550274222,3.246923076923077,0.048446069469835464,-0.6570440895019124,75.87,26.0200649294899,114349960.0,1,Fails Quality Screen / DCF: overvalued,2026-05-31
ETN,"Eaton Corporation, PLC",Industrials,75.2,Attractive Quality,0.14759619906939686,0.09769979247934413,0.3758743806470417,0.18977703293500436,1.603819388250526,0.12944476828912854,-0.47365063624686005,400.6,210.85555511950787,388300000.0,0,Attractive Quality / DCF: overvalued,2026-05-31
EBAY,eBay Inc.,Consumer Cyclical,75.0,Attractive Quality,0.22248564174409455,0.042572293921697035,0.7145045045045045,0.20513513513513512,1.7949324324324325,0.1291891891891892,-0.7410039270171157,109.27,28.300500894839775,444000000.0,2,Attractive Quality / DCF: overvalued,2026-05-31
ECL,Ecolab Inc.,Basic Materials,76.5,Attractive Quality,0.12969699846294092,0.04264019904644334,0.44464343456955946,0.17986841777976767,2.1802114606448244,0.11841777976767903,-0.36351433382475773,256.0,162.94033054086202,281437502.0,0,Attractive Quality / DCF: overvalued,2026-05-31
EIX,Edison International,Utilities,62.8,Neutral — Monitor,0.10939929644040522,0.03904776111316921,0.48071646736035617,0.27126365377646633,3.8438893016344724,-0.037014029093544544,,69.94,,384793941.0,2,Neutral — Monitor / DCF: unknown,2026-05-31
EW,Edwards Lifesciences Corporatio,Healthcare,72.1,Attractive Quality,0.14044335754985582,0.1077223514087009,0.7801107521919705,0.2696618102709473,-1.5398303331264225,0.22002109565561342,-0.2841830989074121,86.47,61.896687437476075,575800000.0,0,Attractive Quality / DCF: overvalued,2026-05-31
EA,Electronic Arts Inc.,Communication Services,71.3,Attractive Quality,0.16409868481652082,0.0046911288415614205,0.789669366617979,0.15429557827645732,-0.8457583547557841,0.30845837206214316,0.3783186568837842,201.72,278.03443946659695,250751484.0,2,Attractive Quality / DCF: undervalued,2026-05-31
ELV,"Elevance Health, Inc.",Healthcare,47.5,Fails Quality Screen,0.09470589678389216,0.08338453671992796,,0.040738229755178906,2.335369641747774,0.015939736346516006,-0.2028319954136054,393.19,313.4384877233245,217162380.0,1,Fails Quality Screen / DCF: overvalued,2026-05-31
LLY,Eli Lilly and Company,Healthcare,85.7,Elite Compounder,0.39357146112408586,0.31687374880620434,0.8304361834333144,0.45560686724251676,1.1117596945697787,0.09150186409733196,-0.6421522939266476,1105.0,395.42171521105433,891741406.0,1,Elite Compounder / DCF: overvalued,2026-05-31
EMR,Emerson Electric Company,Industrials,58.0,Neutral — Monitor,0.0793592654682494,0.09282630664203761,0.528363676731794,0.19604795737122557,2.524281876420748,0.14803507992895204,-0.6385139553778878,143.82,51.988922937552175,560100000.0,1,Neutral — Monitor / DCF: overvalued,2026-05-31
ENPH,"Enphase Energy, Inc.",Technology,43.5,Fails Quality Screen,0.09804166433279828,-0.14185407107518988,0.4664025770798752,0.11178457350210627,2.5459342023587834,0.06510656931333313,-0.9695565042651997,68.36,2.0811173684309594,131798220.0,3,Fails Quality Screen / DCF: overvalued,2026-05-31
ETR,Entergy Corporation,Utilities,46.0,Fails Quality Screen,0.059521047412634184,-0.020204385975384764,0.47716913810993794,0.2483317352409721,4.720210464683147,-0.21555323115119962,,109.05,,457886847.0,4,Fails Quality Screen / DCF: unknown,2026-05-31
EOG,"EOG Resources, Inc.",Energy,59.4,Neutral — Monitor,0.14828160196237383,-0.08514403108878366,0.6337791161101762,0.32105216544150206,0.45324651835775004,0.1527765476928527,0.13637831559946734,133.38,151.57013973465695,532628530.0,2,Neutral — Monitor / DCF: fair,2026-05-31
EPAM,"EPAM Systems, Inc.",Technology,49.0,Fails Quality Screen,0.16013449646108122,0.04190812675920319,0.28834613388611,0.0952900245113849,-1.6796383533211676,0.11227500689016202,1.062993041750081,102.46,211.3742670577133,52244451.0,3,Fails Quality Screen / DCF: undervalued,2026-05-31
EQT,EQT Corporation,Energy,54.7,Neutral — Monitor,0.08706790570578953,-0.11718245847505004,0.4587503233784062,0.36086767529204616,1.2877077139732944,0.33969271958336533,0.44971319778237173,54.93,79.63274595418568,625478000.0,1,Neutral — Monitor / DCF: undervalued,2026-05-31
EFX,"Equifax, Inc.",Industrials,55.5,Neutral — Monitor,0.0873979675854799,0.05848490317101085,0.5644744423409334,0.1802946744588032,2.678425385747778,0.1867314182237221,2.06052921003084,165.79,507.405137731013,119072409.0,2,Neutral — Monitor / DCF: undervalued,2026-05-31
EQIX,"Equinix, Inc.",Real Estate,49.0,Fails Quality Screen,0.049565949985387645,0.08265773019010236,0.5109037647824671,0.2133015080828903,5.120458424774445,-0.04339806878593903,,1068.04,,98624248.0,5,Fails Quality Screen / DCF: unknown,2026-05-31
EQR,Equity Residential,Real Estate,62.3,Neutral — Monitor,0.07219869788000934,0.04194040742424798,0.6287840271962234,0.2811129688531748,3.3660228997323545,0.41684585994837037,-0.21261303790545402,65.45,51.534476669088036,374712144.0,1,Neutral — Monitor / DCF: overvalued,2026-05-31
ESS,"Essex Property Trust, Inc.",Real Estate,65.3,Attractive Quality,0.07413546539803442,0.05510390234068829,0.6778342062526989,0.31892049413329304,4.319138736765476,0.4949148141966625,-0.022996262598478655,272.64,266.37029896515077,64261739.0,1,Attractive Quality / DCF: fair,2026-05-31
EL,"Estee Lauder Companies, Inc. (T",Consumer Defensive,19.4,Disqualified,-0.04743001094528136,-0.06871717508347608,0.7397040346223649,0.07964539997207874,44.83561643835616,0.046768113918749125,-0.9335489896527926,88.95,5.9108173703840965,247287571.0,7,Disqualified / DCF: overvalued,2026-05-31
ETSY,"Etsy, Inc.",Consumer Cyclical,49.0,Fails Quality Screen,0.33651670908459125,0.03963658980651208,0.7163864344073403,0.12759246485435588,4.577103637686332,0.22151891051884498,0.06888767194076462,67.92,72.59885067821673,94896231.0,3,Fails Quality Screen / DCF: fair,2026-05-31
EVRG,"Evergy, Inc.",Utilities,38.5,Fails Quality Screen,0.0563671827332239,0.005797706437296046,0.522661701556629,0.25712895866881375,5.5707052175827405,-0.12609031132581858,,82.04,,230513025.0,6,Fails Quality Screen / DCF: unknown,2026-05-31
ES,Eversource Energy (D/B/A),Utilities,42.1,Fails Quality Screen,0.05054330002742531,0.033017102123918285,0.8469225179674922,0.2206049437066314,5.462815123370743,-0.0033288689566674965,,68.27,,376080025.0,5,Fails Quality Screen / DCF: unknown,2026-05-31
EXC,Exelon Corporation,Utilities,44.4,Fails Quality Screen,0.05941815085259621,0.08336312473906027,0.42930167367466404,0.2120949789760079,5.842863894139887,-0.09378349410503752,,45.64,,1023208142.0,5,Fails Quality Screen / DCF: unknown,2026-05-31
EXPE,"Expedia Group, Inc.",Consumer Cyclical,81.8,Elite Compounder,0.6075156512111928,0.08087962506974211,0.9011742347111925,0.14681327631846874,0.3608210298883687,0.21109074865947194,0.9306351871787499,225.79,435.9181189130899,114498625.0,2,Elite Compounder / DCF: undervalued,2026-05-31
EXPD,Expeditors International of Was,Industrials,69.0,Attractive Quality,0.48400301330095763,-0.13447253986862018,0.1292198786720654,0.09508945200062625,-0.6704101179556754,0.0861323719223645,-0.466477711863411,157.99,84.2911863026997,130791133.0,0,Attractive Quality / DCF: overvalued,2026-05-31
EXR,Extra Space Storage Inc,Real Estate,48.2,Fails Quality Screen,0.059161011966465005,0.20629197785498432,0.7077694370639951,0.44085343720374165,5.737575619013538,0.5415340505018146,0.6822353992140313,144.31,242.76339046057686,211260936.0,5,Fails Quality Screen / DCF: undervalued,2026-05-31
XOM,Exxon Mobil Corporation,Energy,49.9,Fails Quality Screen,0.10306262391886199,-0.06688991546295975,0.21994103209274324,0.10477763541779225,0.4841447601084522,0.07289791759929609,-0.09068358788049864,145.26,132.08730202447876,4144947162.0,2,Fails Quality Screen / DCF: fair,2026-05-31
FFIV,"F5, Inc.",Technology,85.1,Elite Compounder,0.26032254379093556,0.04631913174341684,0.8141306290785966,0.2562870943423599,-1.2247599091230008,0.2935184153737348,0.3561848588738037,383.45,520.02908413516,56419247.0,1,Elite Compounder / DCF: undervalued,2026-05-31
FICO,Fair Isaac Corporation,Technology,83.0,Elite Compounder,0.6233869714285548,0.1306838755794808,0.8223278377432166,0.47003193077997596,3.091632201212371,0.3713956066421246,-0.515189941557016,1250.59,606.2986109882113,23190906.0,1,Elite Compounder / DCF: overvalued,2026-05-31
FAST,Fastenal Company,Industrials,78.0,Attractive Quality,0.3071225617506674,0.05515402516123835,0.45011889518931775,0.2019023230290836,0.0897087589654423,0.128114139381745,-0.5137177564079086,44.2,21.49367516677044,1148035061.0,0,Attractive Quality / DCF: overvalued,2026-05-31
FRT,Federal Realty Investment Trust,Real Estate,53.9,Neutral — Monitor,0.058722046292711425,0.05982700870532742,0.6724853886901621,0.3592822377294318,5.046530421370439,0.2588322680271311,1.2350628611231211,119.63,267.38057007615896,86389197.0,2,Neutral — Monitor / DCF: undervalued,2026-05-31
FDX,FedEx Corporation,Industrials,49.8,Fails Quality Screen,0.07758864949633369,-0.020322071995889424,0.21603393762937015,0.06817096194527215,3.041166380789022,0.03390350976957896,-0.8953418258149572,411.75,43.09300322069137,238606756.0,1,Fails Quality Screen / DCF: overvalued,2026-05-31
FIS,Fidelity National Information S,Technology,57.2,Neutral — Monitor,0.04365235197652521,0.031797154725512033,0.36864287721270017,0.16474665168118385,3.690434782608696,0.17111548187693174,5.360189258739552,42.99,273.42453623321336,516879151.0,1,Neutral — Monitor / DCF: undervalued,2026-05-31
FSLR,"First Solar, Inc.",Technology,88.9,Elite Compounder,0.20350237014993564,0.258374947984624,0.4062437732020073,0.30594921691788446,-0.9971772209482607,0.227465888642627,-0.24949980235883767,306.79,230.2459556343322,107453363.0,1,Elite Compounder / DCF: overvalued,2026-05-31
FE,FirstEnergy Corp.,Utilities,45.5,Fails Quality Screen,0.0519608548693752,0.06594636102267804,0.6530815109343936,0.187740225314778,6.3122915674130535,-0.06660039761431412,,46.39,,578431175.0,4,Fails Quality Screen / DCF: unknown,2026-05-31
FMC,FMC Corporation,Basic Materials,24.6,Disqualified,-0.1738013999788948,-0.15769782577341196,0.3700178808329007,0.09574897617811617,,-0.05090269366095634,,13.66,,125045301.0,7,Disqualified / DCF: unknown,2026-05-31
F,Ford Motor Company,Consumer Cyclical,19.9,Disqualified,-0.05072749755905109,0.05815471849810683,0.008971148146763712,-0.04896217699861695,39.13743815283122,0.06657339520577571,6.78125491130296,17.44,135.70508565312363,3913840554.0,8,Disqualified / DCF: undervalued,2026-05-31
FTNT,"Fortinet, Inc.",Technology,73.2,Attractive Quality,-7.7224499023954944,0.15461947760091377,0.8045620330607682,0.3065915642096594,-0.6107647801817219,0.3273427848696982,-0.3264756003904666,137.97,92.92616141412732,732648391.0,1,Attractive Quality / DCF: overvalued,2026-05-31
FTV,Fortive Corporation,Technology,53.7,Neutral — Monitor,0.07037013064677065,-0.10624788606146962,0.6350171912192542,0.1731624630328677,2.526157028354736,0.2604409607847852,-0.4116890633731085,58.32,34.31029382408031,304861021.0,1,Neutral — Monitor / DCF: overvalued,2026-05-31
FOXA,Fox Corporation,Communication Services,83.7,Elite Compounder,0.180442039056359,0.052662023078771325,,0.19809815950920245,0.5492335671603014,0.1836196319018405,10.615429524842215,63.92,742.4582552279144,199481198.0,0,Elite Compounder / DCF: undervalued,2026-05-31
FOX,Fox Corporation,Communication Services,83.7,Elite Compounder,0.180442039056359,0.052662023078771325,,0.19809815950920245,0.5492335671603014,0.1836196319018405,10.894503149968875,57.39,682.6255357767137,220705117.0,0,Elite Compounder / DCF: undervalued,2026-05-31
FCX,"Freeport-McMoRan, Inc.",Basic Materials,58.9,Neutral — Monitor,0.16955488547135772,0.04391666611007472,0.28157437777349026,0.2508971638047463,0.7421257651641625,0.043063862627821727,-0.9199043976549238,65.71,5.263082030094955,1437559865.0,2,Neutral — Monitor / DCF: overvalued,2026-05-31
GRMN,Garmin Ltd.,Technology,85.5,Elite Compounder,0.23888694567122573,0.14235886942453901,0.5874393538958355,0.25892913951367735,-1.023719086512966,0.18810426140625675,0.48550677013252697,233.92,347.4897436694007,192856206.0,0,Elite Compounder / DCF: undervalued,2026-05-31
IT,"Gartner, Inc.",Technology,78.3,Attractive Quality,0.43719645871971674,0.05866587905959064,0.6839304958762401,0.18095584177001078,1.256414914076172,0.1808807327927334,1.3192238061901131,162.2,376.1781013640363,66951889.0,0,Attractive Quality / DCF: undervalued,2026-05-31
GE,GE Aerospace,Industrials,86.8,Elite Compounder,0.3568543805411067,0.1631543559703441,0.3148620652055392,0.18929233453276634,0.6717234518776424,0.15841238687166068,-0.5757235576810166,323.76,137.36374096519407,1043337235.0,0,Elite Compounder / DCF: overvalued,2026-05-31
GEHC,GE HealthCare Technologies Inc.,Healthcare,64.7,Neutral — Monitor,0.15245897241806616,0.039896976391051275,0.39985454545454546,0.13391515151515151,1.5771262546222926,0.07296969696969698,-0.13699949918232088,62.34,53.79945122097412,454891786.0,0,Neutral — Monitor / DCF: fair,2026-05-31
GEV,GE Vernova Inc.,Industrials,81.0,Elite Compounder,0.23797829811536264,0.08682326316822997,0.19793527372071032,0.0364873384469896,-3.4237288135593222,0.0974571818850478,-0.7869481429739739,968.32,206.30237419544164,268719995.0,0,Elite Compounder / DCF: overvalued,2026-05-31
GEN,Gen Digital Inc.,Technology,73.0,Attractive Quality,0.1258586451352791,0.1465900735417971,0.7846,0.431,3.0540225417800233,0.3046,3.191349797288082,25.79,108.09491127205962,602433854.0,0,Attractive Quality / DCF: undervalued,2026-05-31
GNRC,Generac Holdlings Inc.,Industrials,45.0,Fails Quality Screen,0.05617942386290421,-0.026671490695003963,0.3829129750041992,0.06870536952023772,2.49003426662534,0.06370126773904547,-0.9234271197793529,277.91,21.280369142120023,58868681.0,1,Fails Quality Screen / DCF: overvalued,2026-05-31
GD,General Dynamics Corporation,Industrials,67.9,Attractive Quality,0.13855847352273,0.10069361914442676,0.1513035204567079,0.10192197906755471,1.1597449058951625,0.07533777354900095,0.5222617571365396,346.82,527.9508226100946,270430187.0,1,Attractive Quality / DCF: undervalued,2026-05-31
GIS,"General Mills, Inc.",Consumer Defensive,58.7,Neutral — Monitor,0.11278969629632217,0.00859240120451843,0.345519485184691,0.16869027947410015,3.806668706026308,0.11766547268379296,3.8803175348762893,33.81,165.00353585416735,533681218.0,0,Neutral — Monitor / DCF: undervalued,2026-05-31
GM,General Motors Company,Consumer Cyclical,31.4,Disqualified,0.019375808754962868,0.05685834354915076,0.06267464422572817,0.015722709559558748,5.98779296875,0.009571989903739616,,83.24,0,901665195.0,5,Disqualified / DCF: unknown,2026-05-31
GPC,Genuine Parts Company,Consumer Cyclical,37.2,Fails Quality Screen,0.015512063654932372,0.03220324726356383,0.3679278239578939,0.04998374289268527,8.037779107519334,0.01732187479899808,-0.6162628853607994,98.7,37.8748532148891,137624545.0,3,Fails Quality Screen / DCF: overvalued,2026-05-31
GILD,"Gilead Sciences, Inc.",Healthcare,82.4,Elite Compounder,0.2164784067142285,0.025736179862614117,0.7882616670063175,0.3974254466408532,1.2792341678939616,0.32117383329936827,0.6863616641208057,134.43,226.69759850775992,1241569874.0,0,Elite Compounder / DCF: undervalued,2026-05-31
HAL,Halliburton Company,Energy,51.9,Neutral — Monitor,0.09935583592151537,0.030076157483628574,0.1570501262170934,0.13933465560764516,1.8186560294568885,0.07536963577353047,0.17490579795953434,38.85,45.64509025072791,835397735.0,0,Neutral — Monitor / DCF: undervalued,2026-05-31
HAS,"Hasbro, Inc.",Consumer Cyclical,35.1,Fails Quality Screen,0.015761153893309256,-0.07063068574893083,0.645821368557633,0.22504413672813903,10.826385904598196,0.14781018016293365,3.2664683284811287,86.17,367.6415758652189,141490692.0,6,Fails Quality Screen / DCF: undervalued,2026-05-31
HCA,"HCA Healthcare, Inc.",Healthcare,74.6,Attractive Quality,0.22951712713814423,0.07868780037013456,0.415,0.15826719576719578,3.0543485227199896,0.10174603174603175,1.7816840572805186,378.54,1052.9786830429675,221839800.0,1,Attractive Quality / DCF: undervalued,2026-05-31
DOC,"Healthpeak Properties, Inc.",Real Estate,43.4,Fails Quality Screen,0.03260203841334508,0.1104698360850378,0.5999666254740458,0.19278288276542313,6.004440955826234,0.44356197599868485,2.0466984940167445,19.15,58.344276160420655,689419702.0,4,Fails Quality Screen / DCF: undervalued,2026-05-31
HSIC,"Henry Schein, Inc.",Healthcare,46.8,Fails Quality Screen,0.07996169469709281,0.013957826846691779,0.3113622572815534,0.057493932038834954,3.4024896265560165,0.03951759708737864,-0.1381051793049369,76.58,66.00390536882793,113916757.0,0,Fails Quality Screen / DCF: fair,2026-05-31
HSY,The Hershey Company,Consumer Defensive,48.6,Fails Quality Screen,0.1306009006884393,0.03917965670073964,0.33548561069861765,0.12504703839427686,2.4773144799932054,0.14959475140465198,0.7532188496490955,194.03,340.177053397414,148229858.0,3,Fails Quality Screen / DCF: undervalued,2026-05-31
HPE,Hewlett Packard Enterprise Comp,Technology,33.0,Disqualified,0.034724366281097666,0.06370170685761956,0.3025717284814556,0.04793561931420574,4.178041543026707,0.018282015395381386,,43.04,0,1326854089.0,6,Disqualified / DCF: unknown,2026-05-31
HLT,Hilton Worldwide Holdings Inc.,Consumer Cyclical,49.0,Fails Quality Screen,0.28360387083391014,0.11125593900582187,0.2820001661267547,0.22368967522219455,4.24363889857093,0.16147520558185896,-0.5954664626441821,327.66,132.54945885000728,227648372.0,3,Fails Quality Screen / DCF: overvalued,2026-05-31
HOLX,"Hologic, Inc.",Healthcare,57.5,Neutral — Monitor,0.11525304464835405,-0.0552502128671275,0.5164979880502377,0.19153761736373612,0.6076860030962572,0.22063163028898916,-0.19147742648253868,76.01,61.45580081306224,223244905.0,1,Neutral — Monitor / DCF: overvalued,2026-05-31
HD,"Home Depot, Inc. (The)",Consumer Cyclical,56.4,Neutral — Monitor,0.20829429875862612,0.015185146415588768,0.33315521334928316,0.12684976591390731,2.544698627411975,0.07678995403289957,-0.5504531557374441,317.14,142.56928618942695,997116682.0,1,Neutral — Monitor / DCF: overvalued,2026-05-31
HON,Honeywell International Inc.,Industrials,61.5,Neutral — Monitor,0.1471817670607937,0.0182371617394117,0.3693445862934672,0.17539127183376957,2.81140350877193,0.14481064045724054,-0.3935162335470982,237.86,144.25822868848724,633653119.0,0,Neutral — Monitor / DCF: overvalued,2026-05-31
HRL,Hormel Foods Corporation,Consumer Defensive,42.2,Fails Quality Screen,0.057312658711968806,-0.009525432287289193,0.1562688746885883,0.07394516510602867,2.1750259601268365,0.04413860381822147,0.13341164786143997,23.23,26.32915257982125,550284207.0,1,Fails Quality Screen / DCF: fair,2026-05-31
HST,"Host Hotels & Resorts, Inc.",Real Estate,63.8,Neutral — Monitor,0.08751968503937008,0.0760599281050931,0.5260058881256133,0.13591756624141316,2.6363636363636362,0.1416421328099444,-0.27390865860381447,22.98,16.685579025284344,684879281.0,1,Neutral — Monitor / DCF: overvalued,2026-05-31
HWM,Howmet Aerospace Inc.,Industrials,88.5,Elite Compounder,0.2041106581413163,0.13371585224230054,0.34173533688802715,0.25630150266602036,1.086631486367634,0.1734125060591372,-0.4410277234241369,258.25,144.35459042571665,400107483.0,0,Elite Compounder / DCF: overvalued,2026-05-31
HPQ,HP Inc.,Technology,61.7,Neutral — Monitor,0.4084766421220583,-0.04209584055759441,0.20602224432588842,0.06553937969074962,1.7376177820729646,0.05063748982728999,0.2754956328300171,27.04,34.48940191172366,914522690.0,1,Neutral — Monitor / DCF: undervalued,2026-05-31
HUBB,Hubbell Inc,Industrials,77.2,Attractive Quality,0.15829430326917543,0.05708836650420146,0.35316360401053964,0.20682339253327858,1.443028863456417,0.1496595147657667,0.025749173298316247,473.61,485.8050659658156,52841777.0,0,Attractive Quality / DCF: fair,2026-05-31
HUM,Humana Inc.,Healthcare,32.5,Disqualified,0.06544872741919977,0.11767273447695548,,0.01685895853899309,2.713953488372093,0.002892090325765054,-0.9079170421249544,305.42,28.123976994196454,120061500.0,5,Disqualified / DCF: overvalued,2026-05-31
HII,"Huntington Ingalls Industries, ",Industrials,50.5,Neutral — Monitor,0.097923973798972,0.05353361774943943,0.1269625120153797,0.04894264658763217,1.7745664739884393,0.06360140980454983,2.7210618891658656,308.17,1146.719642384245,39404029.0,1,Neutral — Monitor / DCF: undervalued,2026-05-31
IBM,International Business Machines,Technology,74.8,Attractive Quality,0.13389417102299375,0.03718179905928398,0.5818674484719261,0.1849680170575693,2.951862994677158,0.16961324330727315,0.11723172329509386,297.8,332.71160719727897,939885280.0,0,Attractive Quality / DCF: fair,2026-05-31
IEX,IDEX Corporation,Industrials,59.0,Neutral — Monitor,0.10306534726814152,0.028075999700655663,0.44506146059291396,0.20824295010845986,1.4040951853901493,0.1783947939262473,-0.3794577842213053,210.83,130.8289153526222,74015052.0,0,Neutral — Monitor / DCF: overvalued,2026-05-31
IDXX,"IDEXX Laboratories, Inc.",Healthcare,86.8,Elite Compounder,0.45304470120724055,0.08522326458275908,0.6179747110743262,0.316014212879981,0.5277677586353221,0.2424840288663109,-0.33214962824639177,563.53,376.35371999431084,78882997.0,0,Elite Compounder / DCF: overvalued,2026-05-31
ITW,Illinois Tool Works Inc.,Industrials,74.6,Attractive Quality,0.2870997726406304,0.0023378226519090717,0.44097481924707055,0.26277736225380205,1.7959183673469388,0.168723510346547,-0.4294084935405423,247.28,141.0958677172947,287700000.0,0,Attractive Quality / DCF: overvalued,2026-05-31
INCY,Incyte Corporation,Healthcare,92.8,Elite Compounder,0.5372494825093999,0.14839595478338863,0.9276244922919403,0.26118008061087183,-1.7369990881536674,0.25862058234177654,1.3262207218211959,96.74,225.03859262898246,199782155.0,0,Elite Compounder / DCF: undervalued,2026-05-31
IR,Ingersoll Rand Inc.,Industrials,56.3,Neutral — Monitor,0.06668971476312177,0.08948380588960547,0.4360663451358664,0.19736240180893752,2.124306784660767,0.15947143473316866,-0.12061848028410098,71.64,62.998892072447006,391336834.0,1,Neutral — Monitor / DCF: fair,2026-05-31
PODD,Insulet Corporation,Healthcare,82.9,Elite Compounder,0.15222614621115957,0.27541480232743965,0.7163324840293933,0.17495661164654186,0.47639484978540775,0.12920497765961375,-0.07222513032131081,144.94,134.4716896112292,69264674.0,1,Elite Compounder / DCF: fair,2026-05-31
INTC,Intel Corporation,Technology,21.1,Disqualified,0.01083757955266335,-0.05712887978236014,0.34766238434904356,-0.0004351692429947212,2.2516371743068135,-0.0936370688513424,,114.68,,5026000000.0,6,Disqualified / DCF: unknown,2026-05-31
IFF,International Flavors & Fragran,Basic Materials,23.6,Disqualified,-0.007860060961681138,-0.043387980933718207,0.3616161616161616,0.0773186409550046,7.7394094993581515,0.02332415059687787,,76.05,0,255303473.0,6,Disqualified / DCF: unknown,2026-05-31
IP,International Paper Company,Consumer Cyclical,18.2,Disqualified,-0.09752458591247272,0.0375292471900297,0.29605652872979604,-0.0004231192350004231,141.1076923076923,-0.006727595836506728,,33.47,,529516974.0,8,Disqualified / DCF: unknown,2026-05-31
INTU,Intuit Inc.,Technology,81.3,Elite Compounder,0.17464849213536568,0.1395336514824015,0.7956560989857151,0.2622271785884977,0.6375212224108658,0.3230311720036111,0.9794984884814247,331.53,656.2631338862467,273537000.0,2,Elite Compounder / DCF: undervalued,2026-05-31
ISRG,"Intuitive Surgical, Inc.",Healthcare,75.2,Attractive Quality,0.14394875655166137,0.17386716793068868,0.6599600584220096,0.29265651236499846,-0.9057030861811958,0.24746887636988682,-0.3961789731304933,424.64,256.40656084986733,354162842.0,1,Attractive Quality / DCF: overvalued,2026-05-31
INVH,Invitation Homes Inc.,Real Estate,49.0,Fails Quality Screen,0.04190938438703183,0.06837165898740327,0.5842455343795616,0.27567401996705376,4.881197679048663,0.35301337780878295,0.0025759776089422995,29.25,29.325347345061562,594041956.0,3,Fails Quality Screen / DCF: fair,2026-05-31
IQV,"IQVIA Holdings, Inc.",Healthcare,61.6,Neutral — Monitor,0.09413166194895908,0.04214942539507627,0.33292458614347026,0.14022072348252607,4.032621247113164,0.1257510729613734,-0.0071516507203634935,182.21,180.90689772224258,166900000.0,1,Neutral — Monitor / DCF: fair,2026-05-31
IRM,Iron Mountain Incorporated (Del,Real Estate,34.4,Disqualified,0.046507583277425296,0.10584603013300264,0.5538108739872296,0.20341545903589198,8.933477677418868,-0.14592210627556512,,128.25,,297524681.0,5,Disqualified / DCF: unknown,2026-05-31
JKHY,"Jack Henry & Associates, Inc.",Technology,76.6,Attractive Quality,0.2109311510145117,0.06927595521734675,0.4271233635668601,0.23942991334103486,0.05996692564510593,0.17275294616905404,0.10752879712993038,136.32,150.9783256247521,71050780.0,0,Attractive Quality / DCF: fair,2026-05-31
J,Jacobs Solutions Inc.,Industrials,60.4,Neutral — Monitor,0.11024529548490385,0.07134040631933236,0.24812866533003963,0.07179131992655229,1.5907895744793337,0.05049733648562073,0.5006321453784756,119.86,179.86576894506408,118080879.0,0,Neutral — Monitor / DCF: undervalued,2026-05-31
JNJ,Johnson & Johnson,Healthcare,85.0,Elite Compounder,0.25806093000752,0.05599284954178807,0.6787871710212011,0.27173993821196907,0.6874680306905371,0.20503646767806524,0.2250621594139743,225.33,276.04325638075085,2407216971.0,0,Elite Compounder / DCF: undervalued,2026-05-31
JCI,Johnson Controls International ,Industrials,49.0,Fails Quality Screen,0.08380902068015651,0.04567632285300438,0.3641295134768605,0.1198508221732497,3.103887618425351,0.040896762163078484,-0.9689270663912131,134.06,4.165637479593988,610115603.0,3,Fails Quality Screen / DCF: overvalued,2026-05-31
KVUE,Kenvue Inc.,Consumer Defensive,55.8,Neutral — Monitor,0.09881385566425395,0.0038646439492577844,0.581327691087014,0.17951600105792118,2.5492297387809777,0.11385876752181963,-0.021752032036689746,17.28,16.904124886406002,1920008668.0,1,Neutral — Monitor / DCF: fair,2026-05-31
KDP,Keurig Dr Pepper Inc.,Consumer Defensive,65.5,Attractive Quality,0.06626080768330404,0.05705594810720571,0.5420104800337289,0.22002047822682647,3.6039580352885072,0.0896223574052882,-0.16651437336185476,30.03,25.029573367943502,1360559471.0,0,Attractive Quality / DCF: overvalued,2026-05-31
KEYS,Keysight Technologies Inc.,Technology,61.5,Neutral — Monitor,0.13731758400928484,-0.0027752224099102385,0.6208372093023256,0.16297674418604652,0.6224209078404401,0.23832558139534885,-0.7122146441764912,338.33,97.36641943576774,170738495.0,0,Neutral — Monitor / DCF: overvalued,2026-05-31
KMB,Kimberly-Clark Corporation,Consumer Defensive,69.2,Attractive Quality,0.2240961907879125,-0.06583329792377168,0.36012646683285704,0.14294400194564358,2.122711211050434,0.09965343223688211,0.13647733380219756,97.6,110.92018777909448,331940357.0,0,Attractive Quality / DCF: fair,2026-05-31
KIM,Kimco Realty Corporation (HC),Real Estate,49.0,Fails Quality Screen,0.035206131135120534,0.07396715816335053,0.6905149066686105,0.33534490653777643,5.699524073407751,0.5233431271949744,0.4319582678692632,24.08,34.481555090291856,674389792.0,3,Fails Quality Screen / DCF: undervalued,2026-05-31
KMI,"Kinder Morgan, Inc.",Energy,56.4,Neutral — Monitor,0.059300342967893514,-0.040941527613036044,0.5287240951762414,0.27891598275963864,4.419534624494914,0.1706913857235638,-0.5161659518187499,31.08,15.037562217473253,2224825757.0,2,Neutral — Monitor / DCF: overvalued,2026-05-31
KLAC,KLA Corporation,Technology,86.1,Elite Compounder,0.5026486691048823,0.09685534331651668,0.6090980853989936,0.41248438446279345,0.7507204109122734,0.3078022487689782,-0.8072244471429015,1921.71,370.4587076810147,130627521.0,0,Elite Compounder / DCF: overvalued,2026-05-31
KHC,The Kraft Heinz Company,Consumer Defensive,34.6,Disqualified,-0.058465836722954925,-0.019809627469887126,0.33313286825435007,0.18591131424905782,,0.14678053083152914,9.948917133726141,24.01,262.88350038076464,1185777638.0,5,Disqualified / DCF: undervalued,2026-05-31
KR,Kroger Company (The),Consumer Defensive,38.7,Fails Quality Screen,0.05306052563818015,-0.0013868956327633963,0.23300957722057408,0.012801235420815215,3.7086299704809864,0.02340797334091925,7.22023485779113,62.15,510.88759641171873,616560677.0,2,Fails Quality Screen / DCF: undervalued,2026-05-31
LHX,"L3Harris Technologies, Inc.",Industrials,57.5,Neutral — Monitor,0.07584100797264205,0.08619178709998354,0.25726046192545166,0.09833066544706151,2.677058353317346,0.12266178824605534,0.16637632794548607,315.18,367.6184910418583,186294951.0,2,Neutral — Monitor / DCF: undervalued,2026-05-31
LH,Labcorp Holdings Inc.,Healthcare,50.5,Neutral — Monitor,0.07158211546232761,0.05552020379451106,0.28759936065139013,0.10867492850333652,2.9779400804888954,0.08644107886494119,-0.09406489553105024,260.06,235.59748326819508,82000000.0,2,Neutral — Monitor / DCF: fair,2026-05-31
LRCX,Lam Research Corporation,Technology,83.8,Elite Compounder,0.6825192837885291,0.02285830538778799,0.48705023885591736,0.32008564303688447,-0.2922379679664993,0.29367531531807145,-0.7727854103238324,318.18,72.295138143163,1250571000.0,0,Elite Compounder / DCF: overvalued,2026-05-31
LW,"Lamb Weston Holdings, Inc.",Consumer Defensive,62.0,Neutral — Monitor,0.08316485772852326,0.16321494041702844,0.21679351448545253,0.11859625191821803,3.8081297781092673,0.03566722986064824,1.8894175602654626,43.18,124.76505025226268,138072803.0,0,Neutral — Monitor / DCF: undervalued,2026-05-31
LVS,Las Vegas Sands Corp.,Consumer Cyclical,76.8,Attractive Quality,0.1843661169468457,0.4685532350721122,0.49788737804409616,0.23730506261043252,2.6545899088686373,0.13674425750941077,3.214976127173833,50.57,213.15134275118072,662637325.0,1,Attractive Quality / DCF: undervalued,2026-05-31
LDOS,"Leidos Holdings, Inc.",Technology,74.6,Attractive Quality,0.178563174950174,0.06057944749313893,0.18044718760917666,0.12227786188424362,1.718151540383014,0.09461977407709328,4.102964329910002,127.8,652.1588413624982,125785466.0,1,Attractive Quality / DCF: undervalued,2026-05-31
LEN,Lennar Corporation,Consumer Cyclical,32.4,Disqualified,0.08719526281949712,0.005081632765289168,0.09907659458435202,0.0804519937353844,0.7344533276574444,0.0008243792789373859,,89.78,0,215244398.0,6,Disqualified / DCF: unknown,2026-05-31
LIN,Linde plc,Basic Materials,72.6,Attractive Quality,0.11761049438131245,0.006176060609136114,0.4883481433531454,0.2722885894191726,1.753505028954587,0.14973812746425,-0.6975798182056415,497.69,150.5115002772343,462347310.0,0,Attractive Quality / DCF: overvalued,2026-05-31
LYV,"Live Nation Entertainment, Inc.",Communication Services,68.4,Attractive Quality,0.26958266754055327,0.14744538940043328,0.25546392133835705,0.048913501095930914,1.6672371554402265,0.012101666073710332,-0.8892812965983391,168.41,18.646136839873723,232712799.0,1,Attractive Quality / DCF: overvalued,2026-05-31
LKQ,LKQ Corporation,Consumer Cyclical,46.2,Fails Quality Screen,0.06769970099620816,0.02184739022420734,0.3856860303274485,0.07962786609039631,3.2884882108183078,0.062046736502820304,1.1743705903352044,27.12,58.968930409890746,254790835.0,1,Fails Quality Screen / DCF: undervalued,2026-05-31
LMT,Lockheed Martin Corporation,Industrials,49.0,Fails Quality Screen,0.2480527771366727,0.043838941337237536,0.10152169278328536,0.10301407099456347,2.0143233642718004,0.0920477561027609,0.7556781243737577,530.45,931.2994610740599,230563608.0,3,Fails Quality Screen / DCF: undervalued,2026-05-31
LOW,"Lowe's Companies, Inc.",Consumer Cyclical,64.5,Neutral — Monitor,0.2310708164014474,-0.038458186348783285,0.334758825301903,0.11766682891778504,3.5045717035611164,0.08867023619127089,-0.17723803543325817,214.36,176.3672547245268,561000000.0,0,Neutral — Monitor / DCF: overvalued,2026-05-31
LULU,lululemon athletica inc.,Consumer Cyclical,80.3,Elite Compounder,0.31458881624889123,0.11034694078962404,0.566005440167168,0.19910786662583538,-0.0032366118020143763,0.08301433898366148,2.801703844790403,131.18,498.70751035960507,109318984.0,1,Elite Compounder / DCF: undervalued,2026-05-31
LYB,LyondellBasell Industries NV,Basic Materials,12.5,Disqualified,-0.008738106249967521,-0.15766098558982566,0.0854641329220973,0.02755944682121182,9.631669535283994,0.012735051238682718,-0.9317309009888066,66.65,4.550135449096038,322784773.0,8,Disqualified / DCF: overvalued,2026-05-31
MPC,Marathon Petroleum Corporation,Energy,48.2,Fails Quality Screen,0.14365807450495546,-0.09232974945771899,0.07537358985372912,0.04346679326897716,2.627675971912999,0.035923405602152236,0.03518674282549083,248.77,257.52340601269736,291936635.0,1,Fails Quality Screen / DCF: fair,2026-05-31
MAR,Marriott International,Consumer Cyclical,69.2,Attractive Quality,0.24716680476457184,0.0802476100443279,0.1994195371572596,0.1580615596120064,3.482923781757601,0.09959520354387841,-0.6395395236081931,375.6,135.38895493276266,263688623.0,2,Attractive Quality / DCF: overvalued,2026-05-31
MLM,"Martin Marietta Materials, Inc.",Basic Materials,61.1,Neutral — Monitor,0.07396634991663763,-0.0005954960264881182,0.3071544715447154,0.23658536585365852,2.6937410415671286,0.15902439024390244,-0.48271511842563336,581.64,300.8735785189146,60045900.0,1,Neutral — Monitor / DCF: overvalued,2026-05-31
MAS,Masco Corporation,Industrials,73.8,Attractive Quality,0.39294082862422186,-0.04492168924034623,0.3542713567839196,0.16569690558053424,1.8554913294797688,0.11451996826236445,-0.29816022996277797,70.25,49.30424384511485,201734437.0,0,Attractive Quality / DCF: overvalued,2026-05-31
MTCH,"Match Group, Inc.",Communication Services,76.0,Attractive Quality,0.2757373120425251,0.030262236990793667,0.7280411746167481,0.2612634158609336,3.0654160759306563,0.29353518026082265,2.629450281808234,36.13,131.1320386817315,233266526.0,2,Attractive Quality / DCF: undervalued,2026-05-31
MKC,"McCormick & Company, Incorporat",Consumer Defensive,64.2,Neutral — Monitor,0.08926630330425608,0.02507523864563521,0.3789599871350672,0.1596275017177609,3.034763148079075,0.10824086662865663,1.231219866201565,47.37,105.69288506196813,253986983.0,0,Neutral — Monitor / DCF: undervalued,2026-05-31
MCD,MCD,Unknown,74.7,Attractive Quality,0.18919912115111046,0.050637859467043134,0.5740747628789288,0.4610005579319323,3.6817005041558795,0.26728659103589364,,0,,0,0,Attractive Quality / DCF: unknown,2026-05-31
MCK,McKesson Corporation,Healthcare,72.0,Attractive Quality,2.126013500231023,0.13391523079521161,0.036065736311132045,0.015997818704607987,0.6463703497282988,0.013410009171355625,1.5847627537386484,742.44,1919.0312588857223,120204051.0,1,Attractive Quality / DCF: undervalued,2026-05-31
MDT,Medtronic plc.,Healthcare,58.7,Neutral — Monitor,0.06840316591835072,0.019104996811027286,0.6531591973044697,0.19500849807675105,2.8528965068344543,0.15460536124280647,0.040402413989109515,73.81,76.79210217653618,1283884964.0,0,Neutral — Monitor / DCF: fair,2026-05-31
MRK,"Merck & Company, Inc.",Healthcare,82.2,Elite Compounder,0.22150704875142246,0.03122213027882159,0.7480118749134762,0.340050145360016,1.2304153987686646,0.19012167171709404,0.2590595084776487,118.72,149.47554484646645,2469824415.0,0,Elite Compounder / DCF: undervalued,2026-05-31
META,"Meta Platforms, Inc.",Communication Services,49.0,Fails Quality Screen,0.2674945712738636,0.19893831442939258,0.8199944269179861,0.41437855159579234,0.4542866061884536,0.2294368201586338,0.4294457083719916,632.51,904.1387050023684,2196045588.0,3,Fails Quality Screen / DCF: undervalued,2026-05-31
MTD,"Mettler-Toledo International, I",Healthcare,76.7,Attractive Quality,0.44542949434358176,0.008991856613079108,0.5937429449987446,0.2777891609847906,1.6775759955077656,0.21077096432817513,-0.6486490202093855,1180.58,414.7979397212036,20207601.0,0,Attractive Quality / DCF: overvalued,2026-05-31
MGM,MGM Resorts International,Consumer Cyclical,42.6,Fails Quality Screen,0.01322799517772955,0.10136235579297104,0.4441938538859438,0.07628413627957581,17.065993834473964,0.08327502555497211,18.083545317295428,43.67,833.3784240062913,255851235.0,4,Fails Quality Screen / DCF: undervalued,2026-05-31
MCHP,Microchip Technology Incorporat,Technology,32.8,Disqualified,0.03283099940652903,-0.1764745300112236,0.5773482421336276,0.11241009102289364,4.494058733661517,0.18480405677791686,-0.9734175164726813,94.65,2.516032065860708,542079281.0,6,Disqualified / DCF: overvalued,2026-05-31
MU,"Micron Technology, Inc.",Technology,49.0,Fails Quality Screen,0.14968752432256438,0.06713489726936261,0.39790786023864305,0.2624270961528172,0.30492885354109184,0.04462518058751137,-0.9910980586551368,971.0,8.643785045862133,1127734051.0,5,Fails Quality Screen / DCF: overvalued,2026-05-31
MSFT,Microsoft Corporation,Technology,84.2,Elite Compounder,0.2766466578183805,0.12423114652863054,0.6882374238616519,0.4562195624085985,0.189467112040708,0.2541884965427156,-0.6370447372690982,450.24,163.41697749196123,7428434704.0,0,Elite Compounder / DCF: overvalued,2026-05-31
MAA,Mid-America Apartment Communiti,Real Estate,43.0,Fails Quality Screen,0.055382742738707094,0.030305400060254506,0.3052089378333332,0.2803995788379658,4.236835917280039,0.32498689526989405,-0.3382495092728752,129.07,85.41213583815,116384802.0,4,Fails Quality Screen / DCF: overvalued,2026-05-31
MRNA,"Moderna, Inc.",Healthcare,22.8,Disqualified,-0.32725615847428774,-0.5330301860051326,0.5483870967741935,-1.599375650364204,,-1.0796045785639958,,47.19,,396786259.0,7,Disqualified / DCF: unknown,2026-05-31
MHK,"Mohawk Industries, Inc.",Consumer Cyclical,54.8,Neutral — Monitor,0.03849294044169363,-0.02779358162194867,0.23872086338939677,0.047258330706325215,1.4056711438855236,0.057132790624362564,6.316836269679373,107.42,785.9745520889583,60953145.0,1,Neutral — Monitor / DCF: undervalued,2026-05-31
MOH,Molina Healthcare Inc,Healthcare,42.5,Fails Quality Screen,0.15432358349674707,0.12417996732758785,0.08970633557874345,0.01719279707656408,-0.305327868852459,-0.014000792497688548,,173.6,,52100000.0,5,Fails Quality Screen / DCF: unknown,2026-05-31
TAP,Molson Coors Beverage Company,Consumer Defensive,37.0,Fails Quality Screen,-0.11098992406679745,0.013516144991544188,0.3836887835703002,0.14637189429843458,,0.09584589975585237,5.240614910197895,39.53,246.6915074001228,175215417.0,5,Fails Quality Screen / DCF: undervalued,2026-05-31
MDLZ,"Mondelez International, Inc.",Consumer Defensive,49.4,Fails Quality Screen,0.0587051804260045,0.06956578215167708,0.2837532760723461,0.09393569816020966,3.9587608127137397,0.0839452993227288,0.2636164508191665,61.17,77.29541829660842,1283649766.0,2,Fails Quality Screen / DCF: undervalued,2026-05-31
MPWR,"Monolithic Power Systems, Inc.",Technology,77.7,Attractive Quality,0.24437770542032938,0.1586149467868072,0.551787716644466,0.26111689868942706,-1.3817210288946156,0.23768885333918183,-0.6903880305662855,1566.21,484.91736264677803,49130000.0,1,Attractive Quality / DCF: overvalued,2026-05-31
MNST,Monster Beverage Corporation,Consumer Defensive,79.7,Attractive Quality,0.19849277835579593,0.09536818669323455,0.5584764218214752,0.29168723791625206,-0.6765211865995473,0.23397247979737515,0.8406608047811576,88.08,162.12540368512435,978008110.0,1,Attractive Quality / DCF: undervalued,2026-05-31
MOS,Mosaic Company (The),Basic Materials,33.5,Disqualified,0.051442011981884056,-0.1426545439066701,0.15780259533370947,0.08950084630447049,1.9977239148664296,-0.04435631077627692,,23.9,,317846644.0,4,Disqualified / DCF: unknown,2026-05-31
MSI,"Motorola Solutions, Inc.",Technology,78.0,Attractive Quality,0.2305520207109496,0.08634515122371456,0.5166067454203047,0.2532956685499058,2.391715318320823,0.2201677794898134,0.019177570293574756,403.28,411.0139305479928,165995582.0,0,Attractive Quality / DCF: fair,2026-05-31
NTAP,"NetApp, Inc.",Technology,81.2,Elite Compounder,0.6715672635565838,0.01322518858633348,0.7019172245891662,0.21682897139379184,0.44319526627218936,0.20359099208764456,-0.421686964339415,174.29,100.79417898528335,197330400.0,2,Elite Compounder / DCF: overvalued,2026-05-31
NFLX,"Netflix, Inc.",Communication Services,87.8,Elite Compounder,0.3653624284773418,0.12639718371360664,0.48486575802475956,0.29494704605507255,0.17944880941642724,0.20939391943471883,0.03777103852604201,86.02,89.26906473401013,4210798528.0,1,Elite Compounder / DCF: fair,2026-05-31
NEM,Newmont Corporation,Basic Materials,90.8,Elite Compounder,0.23454814249916914,0.23911830284606483,0.5321363977237638,0.4862587674798183,-0.14604030655691172,0.32198156072169043,6.069370581784948,109.81,776.2875835858052,1067552764.0,1,Elite Compounder / DCF: undervalued,2026-05-31
NWSA,News Corporation,Communication Services,59.2,Neutral — Monitor,0.06930110598314645,-0.06634951064998074,,0.11310932323710364,0.3795053003533569,0.0675579744439186,-0.1973374161548632,26.1,20.949493438358072,363741494.0,2,Neutral — Monitor / DCF: overvalued,2026-05-31
NWS,News Corporation,Communication Services,59.2,Neutral — Monitor,0.06930110598314645,-0.06634951064998074,,0.11310932323710364,0.3795053003533569,0.0675579744439186,0.3686652322939142,29.82,40.81359722700452,182025150.0,2,Neutral — Monitor / DCF: undervalued,2026-05-31
NEE,"NextEra Energy, Inc.",Utilities,49.0,Fails Quality Screen,0.052761596032473414,0.09364770128221722,0.6226834962790019,0.2925725959433825,5.784890606495044,0.11713847949803007,,87.01,0,2085605358.0,4,Fails Quality Screen / DCF: unknown,2026-05-31
NKE,"Nike, Inc.",Consumer Cyclical,52.8,Neutral — Monitor,0.18538898178381918,-0.002869856686446237,0.42734673605562634,0.07994126411712627,0.7880266075388027,0.07056943574683107,-0.29715427003842254,46.23,32.49255809612372,1199499281.0,2,Neutral — Monitor / DCF: overvalued,2026-05-31
NI,NiSource Inc,Utilities,43.5,Fails Quality Screen,0.06104776189874626,0.04320705110154299,0.503989641986089,0.2757971756345789,5.286910272825766,-0.11950859654933606,,46.22,,479439245.0,5,Fails Quality Screen / DCF: unknown,2026-05-31
NDSN,Nordson Corporation,Industrials,58.4,Neutral — Monitor,0.11100150830787739,0.02527440495521427,0.5515604005749928,0.25943811036122605,2.3276465488011056,0.2368155885670564,-0.2906580455210474,287.33,203.81522378043744,55717948.0,0,Neutral — Monitor / DCF: overvalued,2026-05-31
NSC,Norfolk Southern Corporation,Industrials,58.1,Neutral — Monitor,0.1120670339011432,-0.015000939727698559,0.3634646962233169,0.37528735632183907,2.6965811965811968,0.1770935960591133,-0.8466024852931878,304.96,46.78010608498945,224594001.0,0,Neutral — Monitor / DCF: overvalued,2026-05-31
NOC,Northrop Grumman Corporation,Industrials,60.9,Neutral — Monitor,0.16354101185940237,0.04654085181148626,0.19814558802497975,0.1020164942556133,1.7510062456627342,0.07882442675311055,2.2168933391637644,563.68,1813.2984374198304,142033476.0,0,Neutral — Monitor / DCF: undervalued,2026-05-31
NCLH,Norwegian Cruise Line Holdings ,Consumer Cyclical,44.6,Fails Quality Screen,0.07907395690433394,0.2659644216614605,0.4261907698243883,0.15882507128908077,5.658171192079659,-0.1190383157949577,,18.34,,459110140.0,5,Fails Quality Screen / DCF: unknown,2026-05-31
NRG,"NRG Energy, Inc.",Utilities,51.0,Neutral — Monitor,0.10508064939841327,-0.008849172407267458,0.19379415882525314,0.06329567284211897,4.2995308552869,0.024908019405463486,-0.957142659725757,134.08,5.746312183970509,210986470.0,2,Neutral — Monitor / DCF: overvalued,2026-05-31
NUE,Nucor Corporation,Basic Materials,37.0,Fails Quality Screen,0.0839641394152072,-0.0783985002595462,0.11934510986643689,0.08183049178309842,1.1524419155998102,-0.005785683510801994,,250.0,,227740950.0,5,Fails Quality Screen / DCF: unknown,2026-05-31
NVDA,NVIDIA Corporation,Technology,87.5,Elite Compounder,0.7849461543738059,1.0004509499443963,0.7106808435754708,0.6038168363141272,0.0030092976921799767,0.44770258129648327,-0.5078083321292503,211.14,103.9213487542301,24221000000.0,1,Elite Compounder / DCF: overvalued,2026-05-31
NVR,"NVR, Inc.",Consumer Cyclical,67.2,Attractive Quality,0.4656648064810529,-0.006252610482764043,0.23094950659190888,0.16334783590355492,-0.47573620995583593,0.1060557376367563,-0.031509963512445775,6104.8,5912.437974749221,2699292.0,1,Attractive Quality / DCF: fair,2026-05-31
NXPI,NXP Semiconductors N.V.,Technology,55.2,Neutral — Monitor,0.1346152258803409,-0.02420874805294959,0.5473958757844976,0.2473714239139294,2.351931330472103,0.18607873502322927,-0.8706007516581047,321.35,41.58244845466806,252471079.0,2,Neutral — Monitor / DCF: overvalued,2026-05-31
ORLY,"O'Reilly Automotive, Inc.",Consumer Cyclical,76.4,Attractive Quality,0.36077131075701985,0.07260598606028323,0.5159231316716373,0.19461329191915056,2.0814696730060342,0.0895950239995609,-0.5437502395785436,86.88,39.638979185416126,828715079.0,0,Attractive Quality / DCF: overvalued,2026-05-31
OXY,Occidental Petroleum Corporatio,Energy,42.0,Fails Quality Screen,0.048618043845882065,-0.16155184276526158,0.3493261705182235,0.17237067568193395,1.8332475994513031,0.1901079053396934,0.7401001807709839,56.63,98.54187323706083,994634701.0,3,Fails Quality Screen / DCF: undervalued,2026-05-31
ODFL,"Old Dominion Freight Line, Inc.",Industrials,67.7,Attractive Quality,0.24204444532327002,-0.042440148127076416,0.3302830276386915,0.247625304540854,-0.04639763192270151,0.1737684505226977,-0.7799639966140552,225.15,49.541106162345486,207968283.0,1,Attractive Quality / DCF: overvalued,2026-05-31
OMC,Omnicom Group Inc.,Communication Services,14.9,Disqualified,0.024787232536698765,0.06523414722082599,0.08494143666880888,0.02574702262055709,4.708384258127597,0.16144141640468043,15.319756078640825,72.71,1186.6094644779744,285006196.0,9,Disqualified / DCF: undervalued,2026-05-31
ON,ON Semiconductor Corporation,Technology,36.4,Fails Quality Screen,0.020371338113347747,-0.10369233936412636,0.33090369283117055,0.1252793808586583,0.9650979509119567,0.23661473796577376,-0.8137912562554931,120.62,22.460498670462425,388803191.0,5,Fails Quality Screen / DCF: overvalued,2026-05-31
OKE,"ONEOK, Inc.",Energy,57.4,Neutral — Monitor,0.08665512643096791,0.1452650774509614,0.25995420619108506,0.17312438669005917,4.204186464620522,0.07276457819144191,0.430504751523732,83.94,120.07656884290206,630032852.0,2,Neutral — Monitor / DCF: undervalued,2026-05-31
ORCL,Oracle Corporation,Technology,49.0,Fails Quality Screen,0.13800075542571394,0.10588419257288817,0.70509939197547,0.3145002526176414,3.9025593844095017,-0.00686423108416523,,225.78,,2876046000.0,4,Fails Quality Screen / DCF: unknown,2026-05-31
OTIS,Otis Worldwide Corporation,Industrials,69.5,Attractive Quality,0.817122061572568,0.017850220319947985,0.30282031737232346,0.1537661977686924,3.097326649958229,0.10006236574041993,-0.3505386948956651,70.84,46.00783885359109,383716076.0,0,Attractive Quality / DCF: overvalued,2026-05-31
PCAR,PACCAR Inc.,Industrials,43.4,Fails Quality Screen,0.08122373779898034,-0.004355093626742135,0.16655065249184386,0.10412096411294859,2.4619038821883823,0.10649398132523344,0.23258549469510822,110.37,136.0404610494991,526286229.0,3,Fails Quality Screen / DCF: undervalued,2026-05-31
PKG,Packaging Corporation of Americ,Consumer Cyclical,51.1,Neutral — Monitor,0.09903049875161747,0.019711899650188602,0.21020546649906,0.13965492307521163,2.1798602034437686,0.08105191727943221,-0.45696749963291783,218.91,118.87524465535796,89098647.0,2,Neutral — Monitor / DCF: overvalued,2026-05-31
PANW,"Palo Alto Networks, Inc.",Technology,49.0,Fails Quality Screen,0.19261115282271904,0.18788250033170906,0.734143035297945,0.1347828444396248,-0.994538897475528,0.37627284064414684,-0.26757390806095765,281.69,206.31710583830883,811000000.0,4,Fails Quality Screen / DCF: overvalued,2026-05-31
PH,Parker-Hannifin Corporation,Industrials,79.6,Attractive Quality,0.16124563998029848,0.07763353923653371,0.3685138539042821,0.20453400503778338,1.6260372487553014,0.16831234256926952,-0.428421910072848,844.63,482.77200209517036,126086389.0,0,Attractive Quality / DCF: overvalued,2026-05-31
PAYX,"Paychex, Inc.",Technology,74.3,Attractive Quality,0.23107953409397533,0.06506364053715852,0.7235314177001633,0.3962345424197283,1.3624939778384455,0.3067465943966832,-0.1431600535728797,96.98,83.09633800450213,358290881.0,1,Attractive Quality / DCF: fair,2026-05-31
PAYC,"Paycom Software, Inc.",Technology,84.7,Elite Compounder,0.31193150544931,0.14265729931464977,0.8316518009455574,0.27645367256421505,-0.3500187711175072,0.19666617926597454,1.4279887566850702,139.67,339.1171896462037,46627098.0,2,Elite Compounder / DCF: undervalued,2026-05-31
PNR,Pentair plc.,Industrials,72.7,Attractive Quality,0.13043402617195385,0.004364124986398155,0.4047653256704981,0.22291666666666668,1.7637770241627808,0.17863984674329503,1.261888147878343,70.84,160.23215639570182,161605541.0,1,Attractive Quality / DCF: undervalued,2026-05-31
PEP,"Pepsico, Inc.",Consumer Defensive,62.5,Neutral — Monitor,0.15013210183980505,0.028259092561689236,0.541485227575193,0.143635879691243,2.621244290034099,0.08168219323928666,0.43730845965677667,144.19,207.24550679791062,1366768315.0,0,Neutral — Monitor / DCF: undervalued,2026-05-31
PFE,"Pfizer, Inc.",Healthcare,51.7,Neutral — Monitor,0.06378291451403609,-0.14797605157261928,0.7432525288035923,0.2523849853784816,3.743013763927784,0.14501669889259974,0.21028117355106707,26.18,31.685161123566935,5699444169.0,0,Neutral — Monitor / DCF: undervalued,2026-05-31
PCG,Pacific Gas & Electric Co.,Utilities,46.1,Fails Quality Screen,0.03510658852321762,0.04773157336794509,0.39582915580509326,0.19446561058752757,6.0111056023797715,-0.12316021656306396,,16.34,,2202224728.0,5,Fails Quality Screen / DCF: unknown,2026-05-31
PM,Philip Morris International Inc,Consumer Defensive,83.0,Elite Compounder,0.35947651273373826,0.08570152245500418,0.6711769336744735,0.36737354851407206,2.5174941304472314,0.2623499311159221,0.20813664320410702,177.38,214.2992777715445,1558558846.0,0,Elite Compounder / DCF: undervalued,2026-05-31
PSX,Phillips 66,Energy,43.3,Fails Quality Screen,0.10853184936172938,-0.0799841840778086,0.09844684837130598,0.025540883543844806,1.9063236650609818,0.020615519429503838,-0.6375963025642051,175.88,63.7395623050076,400935020.0,1,Fails Quality Screen / DCF: overvalued,2026-05-31
PNW,Pinnacle West Capital Corporati,Utilities,43.2,Fails Quality Screen,0.04691133641574716,0.07284582276575913,0.41600737386700487,0.19993299548927432,6.710493006415168,-0.15347047971896308,,99.74,,121187166.0,4,Fails Quality Screen / DCF: unknown,2026-05-31
POOL,Pool Corporation,Industrials,55.1,Neutral — Monitor,0.16880268973661547,-0.05053506371958916,0.2972849830112928,0.1096919194554539,2.2634498717175604,0.058516322090461745,-0.6315576925937451,181.4,66.83543456349466,36443003.0,0,Neutral — Monitor / DCF: overvalued,2026-05-31
PPG,"PPG Industries, Inc.",Basic Materials,71.5,Attractive Quality,0.12626858257854318,0.005541161450504539,0.41316535433070867,0.13662992125984252,2.037313432835821,0.07325984251968504,0.6480246009925569,112.98,186.19381942013908,222900000.0,0,Attractive Quality / DCF: undervalued,2026-05-31
PPL,PPL Corporation,Utilities,47.8,Fails Quality Screen,0.05488793085586735,0.045945748857909585,0.42733908427339085,0.2354567573545676,4.945616883116883,-0.15494359654943596,,35.39,,752350362.0,5,Fails Quality Screen / DCF: unknown,2026-05-31
PG,Procter & Gamble Company (The),Consumer Defensive,78.0,Attractive Quality,0.21652711660336976,0.01674893047051751,0.5116036258364577,0.24264391818138675,1.083023284979725,0.16662711783968487,0.034626085540013285,143.56,148.5309208401243,2328598978.0,0,Attractive Quality / DCF: fair,2026-05-31
PLD,"Prologis, Inc.",Real Estate,49.0,Fails Quality Screen,0.05134612566685473,0.13741104437395912,0.7457768243849037,0.3884246496097269,4.68739792304227,0.5697794810018103,-0.4725965331296146,143.47,75.6665753918942,932338000.0,4,Fails Quality Screen / DCF: overvalued,2026-05-31
PEG,Public Service Enterprise Group,Utilities,49.0,Fails Quality Screen,0.07555886453089665,0.07480837487525593,0.3482084155161078,0.24490466798159105,5.020859407592824,0.002136752136752137,,78.65,0,498321402.0,3,Fails Quality Screen / DCF: unknown,2026-05-31
PTC,PTC Inc.,Technology,81.8,Elite Compounder,0.15779580395475903,0.12315411374311114,0.8375515565345831,0.3643467169193049,1.0466532228159335,0.3127481996739225,0.9893821429001295,138.73,275.98698468453495,115505791.0,1,Elite Compounder / DCF: undervalued,2026-05-31
PSA,Public Storage,Real Estate,60.3,Neutral — Monitor,0.1037110596930324,0.048750479098311095,0.7284526709884284,0.46858168537926037,3.0608011548488836,0.6005396225171342,-0.22181470594455752,303.69,236.32709195169733,175545748.0,0,Neutral — Monitor / DCF: overvalued,2026-05-31
PHM,"PulteGroup, Inc.",Consumer Cyclical,49.0,Fails Quality Screen,0.16671395863804844,0.026553866296244344,0.26412987604575866,0.17205355167034014,0.1044195721974995,0.10100148723832603,2.305533863647481,118.18,390.64799200585935,190486353.0,3,Fails Quality Screen / DCF: undervalued,2026-05-31
QRVO,"Qorvo, Inc.",Technology,49.0,Fails Quality Screen,0.10722881497351003,0.010088027015206169,0.4589083046238471,0.13423697647720534,0.449905695860975,0.1847377625276708,-0.19644869915819602,103.56,83.21577271517722,88013673.0,3,Fails Quality Screen / DCF: overvalued,2026-05-31
PWR,"Quanta Services, Inc.",Industrials,65.0,Attractive Quality,0.08382818849615124,0.18595310976676038,0.1501097782044521,0.055726611136347415,2.334551082406747,0.05691127963896526,-0.43752386411687566,711.73,400.3311401920961,150060149.0,1,Attractive Quality / DCF: overvalued,2026-05-31
QCOM,QUALCOMM Incorporated,Technology,49.0,Fails Quality Screen,0.402904670977233,0.0006330832838727929,0.5542859723602204,0.2798753500135489,0.6223457699778954,0.28949507722879597,-0.21345042005483272,251.02,197.4396755578359,1054000000.0,3,Fails Quality Screen / DCF: overvalued,2026-05-31
DGX,Quest Diagnostics Incorporated,Healthcare,57.7,Neutral — Monitor,0.09258957345074852,0.03743568077946513,0.3321250566379701,0.14100589034888988,2.8475750577367207,0.12315360217489806,0.24251212537752073,194.9,242.1656132360788,110696429.0,0,Neutral — Monitor / DCF: undervalued,2026-05-31
RL,Ralph Lauren Corporation,Consumer Cyclical,87.2,Elite Compounder,0.25202543565307295,0.07988555170505496,0.6986505638055333,0.15987429909421405,0.6972489589733087,0.08686918479265512,1.591926182064793,363.9,943.2019376533781,37635070.0,0,Elite Compounder / DCF: undervalued,2026-05-31
RTX,RTX Corporation,Industrials,68.8,Attractive Quality,0.09123636990376537,0.09723101071987417,0.20077198288996986,0.10496258591695541,2.145791516124716,0.08406035913005203,0.8055180445445772,179.66,324.37937188287873,1346683428.0,0,Attractive Quality / DCF: undervalued,2026-05-31
O,Realty Income Corporation,Real Estate,49.0,Fails Quality Screen,0.030982718526355684,0.1980234435312218,0.9254180061596239,0.4511485331367207,6.04096429749013,0.6948151077934183,2.443439039494416,61.28,211.01394434021782,932492530.0,4,Fails Quality Screen / DCF: undervalued,2026-05-31
REG,Regency Centers Corporation,Real Estate,57.1,Neutral — Monitor,0.04863543787348575,0.08270360067960159,0.7057277518725169,0.37531766487032064,4.630726064693437,0.5327835295753397,0.2977128543198843,77.35,100.37808928164304,183096790.0,2,Neutral — Monitor / DCF: undervalued,2026-05-31
REGN,"Regeneron Pharmaceuticals, Inc.",Healthcare,69.9,Attractive Quality,0.1552741678067063,0.05620358857997587,0.8535372902272205,0.25810679848566187,-0.07084665360420749,0.2625131598212356,1.002904127044443,614.78,1231.3453992243826,103021886.0,1,Attractive Quality / DCF: undervalued,2026-05-31
RSG,"Republic Services, Inc.",Industrials,71.0,Attractive Quality,0.10089215167150302,0.07084929833650078,0.4195648243023326,0.2002290398408776,2.6942700156985873,0.14519920438792117,0.3783249158348658,200.44,276.2714461299405,307664087.0,0,Attractive Quality / DCF: undervalued,2026-05-31
RMD,ResMed Inc.,Healthcare,91.4,Elite Compounder,0.24456210972553497,0.12879187738214926,0.5936214313626009,0.3278831679370549,-0.18595885514024765,0.32080083523647057,3.17282172973297,190.57,795.2146370352121,145056384.0,0,Elite Compounder / DCF: undervalued,2026-05-31
RVTY,"Revvity, Inc.",Healthcare,46.0,Fails Quality Screen,0.03315355249463884,-0.04815480072764722,0.5477370677204294,0.12486996905867577,3.236276478776498,0.1783620110425199,-0.596993899937713,104.55,42.1342877615121,111559773.0,2,Fails Quality Screen / DCF: overvalued,2026-05-31
ROK,"Rockwell Automation, Inc.",Industrials,62.1,Neutral — Monitor,0.13134832374767275,0.02438220649270817,0.48141932390314074,0.17058259410213378,2.2739628040057225,0.16279069767441862,-0.553171641411425,451.06,201.54639942496263,111273953.0,0,Neutral — Monitor / DCF: overvalued,2026-05-31
ROL,"Rollins, Inc.",Consumer Cyclical,80.2,Elite Compounder,0.23375823447400715,0.1173929088277419,0.5275239627231757,0.19304928145065872,1.098068665508506,0.17282966192951438,-0.1721545222677546,47.6,39.40544474005488,481463663.0,0,Elite Compounder / DCF: overvalued,2026-05-31
ROP,"Roper Technologies, Inc.",Technology,61.8,Neutral — Monitor,0.06144828181167039,0.13731706743631933,0.6924391015501423,0.28287250869977854,2.8651600037983096,0.30820626384055677,5.663224291819967,325.53,2169.0794037161536,100917359.0,1,Neutral — Monitor / DCF: undervalued,2026-05-31
ROST,"Ross Stores, Inc.",Consumer Cyclical,80.2,Elite Compounder,0.3209319611260753,0.06761774010986832,0.2770614559404892,0.11900177925298451,0.18231238327890037,0.09703532998903455,0.12657631239309394,231.73,261.06152887085165,322148148.0,1,Elite Compounder / DCF: fair,2026-05-31
RCL,Royal Caribbean Cruises Ltd.,Consumer Cyclical,77.0,Attractive Quality,0.16311165871923705,0.2659259431555814,0.4935318389650942,0.27378164380506304,2.9944938585345193,0.06891937102709936,-0.9270208604906346,284.63,20.77205247855069,268194978.0,1,Attractive Quality / DCF: overvalued,2026-05-31
CRM,"Salesforce, Inc.",Technology,75.5,Attractive Quality,0.10446221962583357,0.09820006113830493,0.7767609873570138,0.21473810957254666,0.7849059611093402,0.34682721252257676,2.2700972113892783,191.1,624.9155770964911,819000000.0,1,Attractive Quality / DCF: undervalued,2026-05-31
SBAC,SBA Communications Corporation,Real Estate,73.9,Attractive Quality,0.15006521356338173,0.02248756625700632,0.7545513738397998,0.5521116364058756,7.485772392085884,0.3788477229721161,-0.6210385669546027,203.16,76.98980473750291,106063017.0,1,Attractive Quality / DCF: overvalued,2026-05-31
SLB,SLB Limited,Energy,61.8,Neutral — Monitor,0.11292666559487628,0.08326017106596773,0.18222807214069675,0.15285090175870952,1.235987352687554,0.1272263918449647,1.6863195365439183,54.55,146.53873071847073,1495057661.0,0,Neutral — Monitor / DCF: undervalued,2026-05-31
STX,Seagate Technology Holdings PLC,Technology,66.5,Attractive Quality,0.4772117228156669,-0.0794356906329795,0.3517643179070023,0.21050895899747168,1.9683453237410071,0.08991975376497746,-0.9948226159340049,879.8,4.555062501262442,224228992.0,2,Attractive Quality / DCF: overvalued,2026-05-31
SRE,DBA Sempra,Utilities,35.5,Fails Quality Screen,0.02837572595139057,-0.017312084045800646,0.4661363304627062,0.2247847029630711,6.64741641337386,-0.44132243468106847,,89.13,,653690046.0,5,Fails Quality Screen / DCF: unknown,2026-05-31
NOW,"ServiceNow, Inc.",Technology,49.0,Fails Quality Screen,0.15575047311705642,0.22376517864742618,0.7753426720891701,0.13737008585630367,-0.4377895433487756,0.3413917758698599,0.9736899548516176,124.37,245.4678196848957,1031308000.0,3,Fails Quality Screen / DCF: undervalued,2026-05-31
SHW,Sherwin-Williams Company (The),Basic Materials,73.9,Attractive Quality,0.16963069504796577,0.021007379883363875,0.48847685827362847,0.16105250208913943,2.8426597620588825,0.112580225075612,-0.16979274466005143,303.84,252.25017246248996,246635621.0,0,Attractive Quality / DCF: overvalued,2026-05-31
SPG,"Simon Property Group, Inc.",Real Estate,76.3,Attractive Quality,0.18038947975289404,0.0634817964117913,0.818993307413538,0.49892269705185244,3.5771533148385646,0.5031349649344293,-0.6849147766986905,204.91,64.56411310667134,324281912.0,0,Attractive Quality / DCF: overvalued,2026-05-31
SWKS,"Skyworks Solutions, Inc.",Technology,48.3,Fails Quality Screen,0.08675494793717002,-0.09344825684967506,0.41158335168465093,0.12826347598424234,0.04110936270653029,0.26325576843084,-0.10893338087006173,77.85,69.36953629926569,150405963.0,4,Fails Quality Screen / DCF: fair,2026-05-31
SJM,The J.M. Smucker Company,Consumer Defensive,37.6,Fails Quality Screen,-0.035721102579754825,0.02942957086787823,0.38788233002142997,0.189603602984151,,0.09358132499054561,1.37911731827102,103.2,245.52490724556924,106648319.0,5,Fails Quality Screen / DCF: undervalued,2026-05-31
SNA,Snap-On Incorporated,Industrials,75.2,Attractive Quality,0.1928267390604818,0.02113673668415572,0.517290199957332,0.2575008242664029,-0.2239881473499899,0.19505052268187195,0.512874997298207,371.21,561.5943277470674,51801916.0,0,Attractive Quality / DCF: undervalued,2026-05-31
SOLV,Solventum Corporation,Healthcare,40.3,Fails Quality Screen,0.10760100057045642,0.007931997022665449,0.5346546546546547,0.07591591591591591,1.6308356218124755,-0.0012012012012012011,,74.95,,173174712.0,6,Fails Quality Screen / DCF: unknown,2026-05-31
SO,Southern Company (The),Utilities,46.5,Fails Quality Screen,0.06262336977043827,0.003109733900695355,0.4846885256995906,0.24650627685852536,5.077171094133314,-0.0993130985009982,,92.05,,1127301098.0,4,Fails Quality Screen / DCF: unknown,2026-05-31
LUV,Southwest Airlines Company,Industrials,34.7,Disqualified,0.047812513927548386,0.056251281802036646,0.1744289634037701,0.015251398638777038,1.2298747763864042,-0.029611944553326445,,42.95,,488773713.0,5,Disqualified / DCF: unknown,2026-05-31
SWK,"Stanley Black & Decker, Inc.",Industrials,45.9,Fails Quality Screen,0.05138760414654239,-0.037097214175564996,0.30325040977105694,0.08297202982075821,3.951818056131619,0.045464759689102734,-0.6543876444850486,79.42,27.448533274997448,155455564.0,2,Fails Quality Screen / DCF: overvalued,2026-05-31
SBUX,Starbucks Corporation,Consumer Cyclical,47.8,Fails Quality Screen,0.15160940958545827,0.048597955054982656,0.22771108314239305,0.09629844773614742,4.8516406023146805,0.06567270145544905,-0.8135455879229099,99.16,18.488819501564258,1139700000.0,4,Fails Quality Screen / DCF: overvalued,2026-05-31
STLD,"Steel Dynamics, Inc.",Basic Materials,42.2,Fails Quality Screen,0.09797220784212045,-0.06533213396467008,0.13160797401887628,0.08796879897270009,1.6275437428230366,0.02759094243301312,-0.9718121542202737,260.15,7.333068079595794,144212781.0,3,Fails Quality Screen / DCF: overvalued,2026-05-31
STE,STERIS plc (Ireland),Healthcare,67.1,Attractive Quality,0.07986082721965433,0.08934099202562651,0.4401057603102107,0.17599365511405318,1.4947114227527687,0.14250276810302748,0.19492361612756887,212.73,254.19610085881772,98075025.0,1,Attractive Quality / DCF: undervalued,2026-05-31
SYK,Stryker Corporation,Healthcare,76.8,Attractive Quality,0.12842814245457132,0.10830480093614558,0.6396321070234113,0.2014253862079949,1.8764649984162178,0.17052874661570314,0.5821136334955007,305.09,482.68704844314226,383360762.0,0,Attractive Quality / DCF: undervalued,2026-05-31
SMCI,"Super Micro Computer, Inc.",Technology,49.0,Fails Quality Screen,0.1854179414735969,0.6170781210288652,0.11059154174200105,0.057026743349571245,-0.2940737671572295,0.0697390802366025,1.4805149915221458,46.09,114.3269359592557,601418482.0,4,Fails Quality Screen / DCF: undervalued,2026-05-31
SNPS,"Synopsys, Inc.",Technology,48.2,Fails Quality Screen,0.043181277760717174,0.15186745455184925,0.7698457566565516,0.1297000160755796,4.56160598263969,0.1912560187735552,-0.8180278497689301,475.62,86.54959409290147,191479325.0,5,Fails Quality Screen / DCF: overvalued,2026-05-31
SYY,Sysco Corporation,Consumer Defensive,62.6,Neutral — Monitor,0.15364980417912838,0.058369827149891584,0.1839621482118717,0.0379501044611036,3.245406189555126,0.0197124247265577,0.15873120616893285,75.81,87.8434127396668,478182608.0,0,Neutral — Monitor / DCF: undervalued,2026-05-31
TMUS,"T-Mobile US, Inc.",Communication Services,69.2,Attractive Quality,0.07906904983517969,0.03534093085617829,0.6288713494660794,0.2101371321156394,3.69644837309508,0.1746934061080977,1.9219256662625652,187.53,547.9487201942188,1082204717.0,0,Attractive Quality / DCF: undervalued,2026-05-31
TTWO,"Take-Two Interactive Software, ",Communication Services,31.1,Disqualified,-0.005856368178402421,0.07555159639473397,0.5723363980530016,-0.016315125292951146,1.1379782521143778,0.06933177092722793,-0.8515789773762799,224.16,33.27005643133311,185666663.0,6,Disqualified / DCF: overvalued,2026-05-31
TPR,"Tapestry, Inc.",Consumer Cyclical,45.6,Fails Quality Screen,0.06746800599696519,0.016008836697691153,0.7544039824839175,0.18112314034261914,5.317629179331307,0.15603292110630892,-0.5369476908177933,145.46,67.3555888936438,202044714.0,3,Fails Quality Screen / DCF: overvalued,2026-05-31
TRGP,"Targa Resources, Inc.",Energy,65.6,Attractive Quality,0.13199190638197889,-0.06645468273311061,0.2939342153943729,0.19562727929388135,3.5752188690905347,0.03430172125226828,,255.07,0,214643903.0,1,Attractive Quality / DCF: unknown,2026-05-31
TGT,Target Corporation,Consumer Defensive,58.8,Neutral — Monitor,0.1311798919980406,-0.013437328806924498,0.2793376598587517,0.048835655659477,1.7735442127965493,0.027056690208054974,-0.29429203063429454,127.07,89.67431166730019,454177135.0,1,Neutral — Monitor / DCF: overvalued,2026-05-31
TEL,TE Connectivity plc,Technology,68.3,Attractive Quality,0.16238256158861084,0.019694347779123156,0.3521608156644653,0.19603753910323254,1.1082787084243748,0.18555207971266366,0.13341799186555156,213.41,241.88273364402735,291895799.0,1,Attractive Quality / DCF: fair,2026-05-31
TDY,Teledyne Technologies Incorpora,Technology,57.4,Neutral — Monitor,0.07859090128676151,0.03859891847624208,0.4275762828269614,0.18801713706380613,1.53629898013956,0.1756221996925794,0.5723986182218771,619.83,974.6198355324661,46329138.0,1,Neutral — Monitor / DCF: undervalued,2026-05-31
TFX,Teleflex Incorporated,Healthcare,28.3,Disqualified,0.013681921495476038,-0.10622916428555451,0.562426199859187,0.1283697150568095,7.758632658323251,0.12316926722513478,-0.6063773107469251,128.64,50.63562274551554,44270211.0,6,Disqualified / DCF: overvalued,2026-05-31
TER,"Teradyne, Inc.",Technology,65.9,Attractive Quality,0.2052961079840194,0.003681989032964239,0.582235431457569,0.21586201232341826,-0.0133386288569663,0.14119204118840487,-0.9349769930991461,374.31,24.338761713058663,156542162.0,1,Attractive Quality / DCF: overvalued,2026-05-31
TSLA,"Tesla, Inc.",Consumer Cyclical,41.5,Fails Quality Screen,0.0533357532772264,0.051943257367141005,0.18026511436616155,0.05113522519957396,-0.15249914994899694,0.06559313275754795,-0.9638133879389325,435.79,15.769763670092624,3755723871.0,5,Fails Quality Screen / DCF: overvalued,2026-05-31
TXN,Texas Instruments Incorporated,Technology,64.5,Neutral — Monitor,0.2023209788711623,-0.040677564911326236,0.5702409229725144,0.34724578667571543,1.3115608337372757,0.1472118538626852,-0.9467054677493266,305.68,16.29107261838586,910092791.0,1,Neutral — Monitor / DCF: overvalued,2026-05-31
TXT,Textron Inc.,Industrials,57.6,Neutral — Monitor,0.110138018721798,0.04768129392975795,0.18210689911480504,0.06763970538549902,1.1135817307692308,0.06277451179133725,-0.034592352873667624,91.76,88.58580570031226,173888981.0,2,Neutral — Monitor / DCF: fair,2026-05-31
TMO,Thermo Fisher Scientific Inc,Healthcare,57.5,Neutral — Monitor,0.09656229419641542,-0.0026639607700198464,0.4093408443117804,0.18201404941984425,2.566524724080994,0.14123482281123056,-0.602079631995713,492.51,195.97976044579138,371621465.0,0,Neutral — Monitor / DCF: overvalued,2026-05-31
TJX,"TJX Companies, Inc. (The)",Consumer Cyclical,82.0,Elite Compounder,0.31753798144945117,0.06530493123671799,0.30963029218843174,0.11889617703571193,0.8421113689095128,0.08144504074736633,0.17353382959239924,154.75,181.60436012942378,1105814263.0,0,Elite Compounder / DCF: undervalued,2026-05-31
TSCO,Tractor Supply Company,Consumer Cyclical,59.0,Neutral — Monitor,0.13693101016442152,0.030047957019021077,0.3642418993089817,0.09452361839175173,2.9309605383909454,0.04769948504404071,0.45837845704496005,31.53,45.98267275062759,524449616.0,0,Neutral — Monitor / DCF: undervalued,2026-05-31
TT,Trane Technologies plc,Industrials,87.6,Elite Compounder,0.275791560784357,0.10063610722538807,0.3616094250512384,0.18607159774691748,0.6660594170403588,0.13185973107462282,-0.1255090053894611,451.3,394.6577858677362,221055477.0,0,Elite Compounder / DCF: fair,2026-05-31
TDG,Transdigm Group Incorporated,Industrials,74.3,Attractive Quality,0.1847853161073344,0.17606144961795578,0.6014041444909977,0.4743517155475031,5.9592819614711035,0.20563922545578078,0.27380991677124183,1258.32,1602.860494471589,55933583.0,2,Attractive Quality / DCF: undervalued,2026-05-31
TRMB,Trimble Inc.,Technology,49.0,Fails Quality Screen,0.06790271254967575,-0.008135718177214146,0.6907423410364341,0.17040671256934184,1.4531070562715325,0.10060491177208486,-0.8027812462627338,56.41,11.125109898319177,233111519.0,3,Fails Quality Screen / DCF: overvalued,2026-05-31
TYL,"Tyler Technologies, Inc.",Technology,76.5,Attractive Quality,0.10034162194075595,0.08024951917670409,0.46464066131010057,0.15335499969987224,-0.68631771963835,0.2661490177246885,0.6513085364144043,313.15,517.1072681781707,41140555.0,1,Attractive Quality / DCF: undervalued,2026-05-31
TSN,"Tyson Foods, Inc.",Consumer Defensive,33.3,Disqualified,0.03569439203636821,0.00719878201118096,0.06542862915817123,0.02646902150952407,2.947266382318728,0.021619735126099816,1.3598913917713067,61.02,144.00057272588515,282120397.0,4,Disqualified / DCF: undervalued,2026-05-31
UBER,"Uber Technologies, Inc.",Technology,73.0,Attractive Quality,0.11694152923538231,0.17730580736694201,0.39754311090604993,0.10698425514735567,0.7120366394733075,0.18768864025222523,2.8478773390843513,70.4,270.89056467153836,2035599013.0,0,Attractive Quality / DCF: undervalued,2026-05-31
UDR,"UDR, Inc.",Real Estate,62.1,Neutral — Monitor,0.061465438786892035,0.041108595032072204,0.27105203066955474,0.18826829377971485,4.685522368022578,0.3585469279344888,-0.2554528683712051,36.9,27.47378915710253,324915653.0,2,Neutral — Monitor / DCF: overvalued,2026-05-31
ULTA,"Ulta Beauty, Inc.",Consumer Cyclical,72.2,Attractive Quality,0.25740185453945363,0.06676379680111233,0.39097025535753765,0.12497663969943887,0.9503850863842429,0.08617497873768844,-0.20149229777319713,508.85,406.32064427810866,43560416.0,0,Attractive Quality / DCF: overvalued,2026-05-31
UNP,Union Pacific Corporation,Industrials,67.8,Attractive Quality,0.16188926616820518,-0.004915242301498868,0.45777233782129745,0.40171358629130965,2.4386398763523958,0.2243574051407589,-0.6758782554059573,262.64,85.12733500017939,593713213.0,0,Attractive Quality / DCF: overvalued,2026-05-31
UAL,"United Airlines Holdings, Inc.",Industrials,68.5,Attractive Quality,0.10359293016967562,0.09529134601036815,0.2877941425427459,0.08417132216014897,2.9831193533048026,0.04328762485187066,1.890084884418293,114.8,331.78174473122004,324569728.0,0,Attractive Quality / DCF: undervalued,2026-05-31
UPS,"United Parcel Service, Inc.",Industrials,51.4,Neutral — Monitor,0.1635708516475067,-0.04040260188163358,0.18080102863716854,0.08873123470296974,1.903496268969565,0.05374403627299489,-0.42107898863349225,106.69,61.76508270269271,746581816.0,1,Neutral — Monitor / DCF: overvalued,2026-05-31
URI,"United Rentals, Inc.",Industrials,49.0,Fails Quality Screen,0.12626553641082827,0.11409895911958845,0.38163861109385677,0.24684763028759552,2.123848087126501,0.04112056649481334,,995.67,0,62646557.0,5,Fails Quality Screen / DCF: unknown,2026-05-31
UNH,UnitedHealth Group Incorporated,Healthcare,48.5,Fails Quality Screen,0.09962540733336056,0.11352161443193465,0.1852616479767275,0.04237130977038075,2.34275802254987,0.035916410280471975,0.2100207183240092,380.31,460.18297938580395,908144404.0,2,Fails Quality Screen / DCF: undervalued,2026-05-31
UHS,"Universal Health Services, Inc.",Healthcare,76.0,Attractive Quality,0.1321771543440912,0.09025656499826118,0.9044615411991676,0.11483067296545219,1.8331926794867635,0.04748391130140124,7.086607628653432,146.11,1181.5342406225532,53287606.0,0,Attractive Quality / DCF: undervalued,2026-05-31
VLO,Valero Energy Corporation,Energy,47.2,Fails Quality Screen,0.0899805555355215,-0.11397235202184985,0.04376176775045441,0.035146348023833006,1.0440541747283822,0.04099863881258813,0.11123667839769494,244.82,272.05296360532367,296932782.0,1,Fails Quality Screen / DCF: fair,2026-05-31
VTR,"Ventas, Inc.",Real Estate,49.0,Fails Quality Screen,0.020625947480033036,0.12210436341766595,0.4137936708730575,0.14698781963599464,5.494540047431136,0.17177141505455967,-0.3121057647450605,84.42,58.07203134022199,486169723.0,3,Fails Quality Screen / DCF: overvalued,2026-05-31
VLTO,Veralto Corp,Industrials,74.8,Attractive Quality,0.24599048791746786,0.0415741282156441,0.599491186625477,0.2320552425949482,0.629547141796585,0.18426312920225332,-0.06576157512590206,82.23,76.82242567739708,245599266.0,0,Attractive Quality / DCF: fair,2026-05-31
VRSN,"VeriSign, Inc.",Technology,63.3,Neutral — Monitor,-1.3295695541695711,0.05150438997980311,0.881504285886756,0.6766871906314137,1.2663380640775048,0.6448750452734516,-0.016062847203805262,285.38,280.79598466497805,91000000.0,2,Neutral — Monitor / DCF: fair,2026-05-31
VRSK,"Verisk Analytics, Inc.",Industrials,78.8,Attractive Quality,0.3430046179565535,0.07160288137517012,0.6987991017671754,0.43736778728805287,1.6311342800647133,0.38789989260259705,0.6444214916500437,174.99,287.75731682384117,131021840.0,1,Attractive Quality / DCF: undervalued,2026-05-31
VZ,Verizon Communications Inc.,Communication Services,59.1,Neutral — Monitor,0.08565545852257067,0.003292396665705022,0.5892279526163064,0.2117286943433364,3.4076286283139474,0.1423826443111346,6.929016926902852,47.81,379.0862992752254,4175558910.0,0,Neutral — Monitor / DCF: undervalued,2026-05-31
VRTX,Vertex Pharmaceuticals Incorpor,Healthcare,76.5,Attractive Quality,0.24030837241662617,0.10352183400647985,0.8624065726212994,0.3794922216759851,-0.6276431785956477,0.26612117020656095,0.10826326532664536,447.54,495.9921417642869,253805417.0,1,Attractive Quality / DCF: fair,2026-05-31
VTRS,Viatris Inc.,Healthcare,29.1,Disqualified,-0.06822468837785586,-0.04196777704087673,0.3505968573206806,0.017727396695081783,,0.12942747851383576,0.6476523960393616,16.26,26.790827959600023,1164552654.0,6,Disqualified / DCF: undervalued,2026-05-31
VICI,VICI Properties Inc.,Real Estate,66.5,Attractive Quality,0.07749468039296054,0.15490054932774422,0.993327701943728,0.912430144309351,4.6688078446553245,0.6262065302153008,1.8142820338046792,28.22,79.41903899396804,1076780187.0,2,Attractive Quality / DCF: undervalued,2026-05-31
VMC,Vulcan Materials Company (Holdi,Basic Materials,67.8,Attractive Quality,0.09477831206152347,0.027743692765690886,0.2738411555074234,0.1973530115475186,1.9942311770943797,0.14296508040447797,-0.22639890487088574,282.92,218.86722183392902,129754885.0,1,Attractive Quality / DCF: overvalued,2026-05-31
WAB,Westinghouse Air Brake Technolo,Industrials,71.2,Attractive Quality,0.0859522373834326,0.10122345018267498,0.3408256469956121,0.16056237127249934,2.1007036059806508,0.13423479896122503,-0.07652820025172534,261.16,241.17389522225943,169677346.0,1,Attractive Quality / DCF: fair,2026-05-31
WMT,Walmart Inc.,Consumer Defensive,71.5,Attractive Quality,0.15519090465162316,0.05272290929168877,0.24926699786724774,0.041820733829433104,1.212971530632007,0.020925090056550886,-0.6640248023865066,115.75,38.88912912376186,7970990515.0,0,Attractive Quality / DCF: overvalued,2026-05-31
WBD,"Warner Bros. Discovery, Inc. - ",Communication Services,46.6,Fails Quality Screen,0.03495619524405507,0.0331793709721504,0.44002037752037754,0.0350975975975976,1.3168884917462258,0.0827970827970828,-0.8044552280113141,27.01,5.281664291414409,2507136702.0,4,Fails Quality Screen / DCF: overvalued,2026-05-31
WM,"Waste Management, Inc.",Industrials,62.8,Neutral — Monitor,0.10337956534782104,0.08563152473174229,0.4043802571020473,0.18278844627836852,3.153173170393001,0.11172829709569909,0.18460869788000464,211.46,250.4973552537058,401575752.0,0,Neutral — Monitor / DCF: undervalued,2026-05-31
WAT,Waters Corporation,Healthcare,67.8,Attractive Quality,0.20182496048503806,0.021229912681812513,0.5928260511056505,0.2535593940010476,0.8763805433977935,0.17054067152225738,-0.8130746317186714,383.57,71.6989635116692,98185855.0,0,Attractive Quality / DCF: overvalued,2026-05-31
WEC,"WEC Energy Group, Inc.",Utilities,39.2,Fails Quality Screen,0.06218356524218595,0.006991111598761979,0.4217814103937715,0.24233426189528678,5.506807343529935,-0.10394791889878675,,111.05,,325725678.0,5,Fails Quality Screen / DCF: unknown,2026-05-31
WELL,Welltower Inc.,Real Estate,44.4,Fails Quality Screen,0.0027931660644692283,0.22688873316084646,0.3917691684065901,0.03329553499646016,7.075054815971552,0.2669768155201171,0.1939327601341521,205.33,245.15021363834546,705914450.0,6,Fails Quality Screen / DCF: undervalued,2026-05-31
WST,"West Pharmaceutical Services, I",Healthcare,64.4,Neutral — Monitor,0.17847498341455537,0.021163814176677676,0.35912950131745874,0.20692235125727856,-0.6187656270561916,0.15253244852151848,-0.7277810199671756,322.81,87.87500894439606,70647595.0,2,Neutral — Monitor / DCF: overvalued,2026-05-31
WDC,Western Digital Corporation,Technology,58.5,Neutral — Monitor,0.11495896418597801,-0.20283734511271823,0.3878151260504202,0.22373949579831934,1.3400412796697627,0.1343487394957983,-0.966426318324445,531.21,17.8346754428716,344682131.0,2,Neutral — Monitor / DCF: overvalued,2026-05-31
WY,Weyerhaeuser Company,Real Estate,23.9,Disqualified,0.031320094582906015,-0.12148651794619336,0.14844315713251266,0.06473569876900796,4.926103646833013,-0.055177407675597395,,24.51,,721042609.0,6,Disqualified / DCF: unknown,2026-05-31
WHR,Whirlpool Corporation,Consumer Cyclical,34.9,Disqualified,0.07391731463239821,-0.07671407844633105,0.15369750064416388,0.04683071373357382,5.456066945606694,0.005217727389847977,,43.42,0,64823121.0,4,Disqualified / DCF: unknown,2026-05-31
WMB,"Williams Companies, Inc. (The)",Energy,61.5,Neutral — Monitor,0.09364616229719157,0.029089364281741803,0.619581589958159,0.36887029288702927,3.9560291340706772,0.07523012552301256,,71.39,0,1222998265.0,1,Neutral — Monitor / DCF: unknown,2026-05-31
GWW,"W.W. Grainger, Inc.",Industrials,73.8,Attractive Quality,0.3158754775959946,0.056191483803869735,0.3906476424032995,0.1390591907256716,0.8235081374321881,0.07418348010255267,-0.6424993471159448,1234.24,441.24160581561625,47213119.0,0,Attractive Quality / DCF: overvalued,2026-05-31
WYNN,"Wynn Resorts, Limited",Consumer Cyclical,63.6,Neutral — Monitor,0.08689580058396279,0.23855981362120016,0.4142669493258824,0.16904032601075608,6.08550276681234,0.09691375251403629,1.0842237612372179,101.22,210.96512911243119,103786729.0,2,Neutral — Monitor / DCF: undervalued,2026-05-31
XEL,Xcel Energy Inc.,Utilities,35.3,Fails Quality Screen,0.04750377218278244,-0.014155451358960125,0.47201581566568956,0.19626423069057194,5.567441110035495,-0.4652668893585111,,79.5,,624269560.0,5,Fails Quality Screen / DCF: unknown,2026-05-31
XYL,Xylem Inc.,Industrials,70.8,Attractive Quality,0.08152181580177112,0.1783579915890725,0.38461538461538464,0.14676258992805755,0.32717086834733894,0.10071942446043165,0.6681965444274982,109.54,182.73424947658816,237693493.0,2,Attractive Quality / DCF: undervalued,2026-05-31
YUM,"Yum! Brands, Inc.",Consumer Cyclical,71.7,Attractive Quality,0.39491097087261146,0.06281386051452831,0.4616508400292184,0.3080107134161188,4.482758620689655,0.1995373752130509,0.1973772882329692,147.95,177.15196979406778,275621202.0,1,Attractive Quality / DCF: undervalued,2026-05-31
ZBRA,Zebra Technologies Corporation,Technology,47.1,Fails Quality Screen,0.09123182912212845,-0.02271104500520582,0.48054114158636024,0.14825796886582654,3.015240328253224,0.1540029651593773,0.12008779889355141,243.63,272.8869904444359,47633392.0,2,Fails Quality Screen / DCF: fair,2026-05-31
ZBH,"Zimmer Biomet Holdings, Inc.",Healthcare,64.3,Neutral — Monitor,0.049293785065991955,0.058543208193682306,0.6970539998785155,0.16475733462916844,3.124019121493641,0.17253234525906577,2.307163498704483,82.33,272.27877084834006,193462482.0,1,Neutral — Monitor / DCF: undervalued,2026-05-31
ZTS,Zoetis Inc.,Healthcare,83.1,Elite Compounder,0.27796658895310916,0.054225876815096274,0.7183901975282561,0.37995141016161404,1.7026296387318751,0.2411534805112496,1.3042547923891727,77.69,179.01755482071482,419228118.0,0,Elite Compounder / DCF: undervalued,2026-05-31
